admi,benj,1
G,h,1
ad,be,1
an,bo,1
at,bu,1
ax,by,1
v,w,1
sha,tib,1
U,v,1
in,jo,1
snee,toff,1
y,z,1
end,foe,1
ens,fot,1
r,s,1
b,c,1
k,l,1
d,e,1
N,o,1
O,p,1
H,i,1
snork,topsl,1
edh,fei,1
A,b,1
odd,pee,1
shee,tiff,1
Uds,vet,1
z,a,1
zat,abu,1
azo,bap,1
s,t,1
char,dibs,1
l,m,1
nod,ope,1
Chud,dive,1
e,f,1
W,x,1
mho,nip,1
B,c,1
nee,off,1
ana,bob,1
ann,boo,1
to,up,1
Ana,bob,1
Ann,boo,1
f,g,1
snog,toph,1
snod,tope,1
Sho,tip,1
rox,spy,1
X,y,1
its,jut,1
m,n,1
Q,r,1
zax,aby,1
Y,z,1
J,k,1
C,d,1
Oto,pup,1
Ata,bub,1
dand,eboe,1
anna,boob,1
he,if,1
Ona,pob,1
E,f,1
I,j,1
u,v,1
n,o,1
aha,bib,1
sho,tip,1
g,h,1
ohm,pin,1
oho,pip,1
Ind,joe,1
R,s,1
eh,fi,1
K,l,1
dodd,epee,1
D,e,1
on,po,1
oh,pi,1
st,tu,1
Anne,boof,1
shod,tipe,1
ahint,bijou,1
inks,jolt,1
o,p,1
Atka,bulb,1
h,i,1
eta,fub,1
a,b,1
Z,a,1
S,t,1
L,m,1
ona,pob,1
ons,pot,1
tst,utu,1
anan,bobo,1
cha,dib,1
cho,dip,1
w,x,1
V,w,1
rho,sip,1
i,j,1
P,q,1
Anna,boob,1
ne,of,1
dud,eve,1
sh,ti,1
T,u,1
M,n,1
F,g,1
yn,zo,1
p,q,1
admix,benjy,1
add,bee,1
ton,upo,1
chlor,dimps,1
t,u,1
Odz,pea,1
Ods,pet,1
x,y,1
q,r,1
Ed,fe,1
j,k,1
Aten,bufo,1
c,d,1
wynn,yapp,2
eme,gog,2
G,i,2
Ammi,cook,2
typy,vara,2
ay,ca,2
Rum,two,2
v,x,2
em,go,2
ey,ga,2
asp,cur,2
ask,cum,2
rum,two,2
U,w,2
y,a,2
sic,uke,2
mu,ow,2
r,t,2
b,d,2
k,m,2
d,f,2
um,wo,2
ug,wi,2
N,p,2
eye,gag,2
eyn,gap,2
spy,ura,2
O,q,2
kyl,man,2
H,j,2
A,c,2
wyle,yang,2
age,cig,2
pyr,rat,2
tye,vag,2
dye,fag,2
isle,kung,2
usee,wugg,2
z,b,2
s,u,2
l,n,2
yis,aku,2
amli,conk,2
ame,cog,2
e,g,2
Kyle,mang,2
W,y,2
umu,wow,2
impy,kora,2
B,d,2
Emm,goo,2
ly,na,2
wyn,yap,2
slam,unco,2
Isis,kuku,2
cry,eta,2
spec,urge,2
yamp,acor,2
cleck,engem,2
cyp,ear,2
emyd,goaf,2
f,h,2
mig,oki,2
X,z,2
gym,iao,2
m,o,2
Q,s,2
Y,a,2
J,l,2
sty,uva,2
C,e,2
aye,cag,2
guy,iwa,2
E,g,2
I,k,2
pyrryl,rattan,2
auk,cwm,2
u,w,2
amic,coke,2
els,gnu,2
n,p,2
Guy,iwa,2
g,i,2
Auk,cwm,2
Spy,ura,2
R,t,2
K,m,2
D,f,2
ice,keg,2
icy,kea,2
se,ug,2
wy,ya,2
ngai,pick,2
ume,wog,2
gaw,icy,2
o,q,2
h,j,2
yew,agy,2
a,c,2
awn,cyp,2
pyic,rake,2
Z,b,2
hyp,jar,2
lye,nag,2
S,u,2
L,n,2
cee,egg,2
imp,kor,2
w,y,2
by,da,2
kyle,mang,2
V,x,2
i,k,2
P,r,2
T,v,2
M,o,2
F,h,2
slay,unca,2
slag,unci,2
p,r,2
yar,act,2
yr,at,2
Kyu,maw,2
t,v,2
x,z,2
ayu,caw,2
Ay,ca,2
q,s,2
rye,tag,2
Em,go,2
j,l,2
c,e,2
bye,dag,2
more,pruh,3
aer,dhu,3
dird,glug,3
bop,ers,3
boo,err,3
boa,erd,3
bob,ere,3
bod,erg,3
G,j,3
baal,eddo,3
Ixil,lalo,3
rob,ure,3
roc,urf,3
axal,dado,3
al,do,3
ax,da,3
lalo,odor,3
alp,dos,3
moly,prob,3
molt,prow,3
mola,prod,3
mold,prog,3
v,y,3
el,ho,3
ex,ha,3
U,x,3
Ally,doob,3
tell,whoo,3
y,b,3
r,u,3
b,e,3
iba,led,3
k,n,3
her,khu,3
d,g,3
N,q,3
ory,rub,3
orb,rue,3
ora,rud,3
Peba,shed,3
O,r,3
bulk,exon,3
H,k,3
alo,dor,3
alb,doe,3
aly,dob,3
A,d,3
pro,sur,3
coxy,frab,3
Piro,slur,3
yox,bra,3
Baal,eddo,3
bae,edh,3
Arab,dude,3
limb,olpe,3
doxy,grab,3
doxa,grad,3
z,c,3
dilo,glor,3
Lo,or,3
Lu,ox,3
Moll,proo,3
Mola,prod,3
s,v,3
yirm,blup,3
olla,rood,3
l,o,3
oxy,rab,3
e,h,3
Mer,phu,3
W,z,3
pixy,slab,3
cro,fur,3
dory,grub,3
Alb,doe,3
B,e,3
col,fro,3
dolt,grow,3
la,od,3
lo,or,3
Elia,hold,3
cry,fub,3
tra,wud,3
yilt,blow,3
xi,al,3
lob,ore,3
lox,ora,3
loy,orb,3
Mr,pu,3
pily,slob,3
pilm,slop,3
f,i,3
cly,fob,3
rox,ura,3
X,a,3
Colt,frow,3
m,p,3
Q,t,3
tol,wro,3
ply,sob,3
Y,b,3
J,m,3
C,f,3
milt,plow,3
perk,shun,3
peri,shul,3
zel,cho,3
abb,dee,3
Dory,grub,3
rix,ula,3
rib,ule,3
mele,phoh,3
pell,shoo,3
erd,hug,3
ere,huh,3
era,hud,3
E,h,3
I,l,3
mel,pho,3
pill,sloo,3
u,x,3
elm,hop,3
n,q,3
g,j,3
term,whup,3
tera,whud,3
if,li,3
colt,frow,3
cold,frog,3
R,u,3
K,n,3
primero,sulphur,3
D,g,3
ox,ra,3
obi,rel,3
obe,reh,3
alif,doli,3
hox,kra,3
o,r,3
Old,rog,3
h,k,3
tolu,wrox,3
ill,loo,3
drib,gule,3
a,d,3
Bu,ex,3
Z,c,3
S,v,3
pix,sla,3
L,o,3
Ila,lod,3
ploy,sorb,3
Ro,ur,3
Ab,de,3
Bob,ere,3
alk,don,3
ala,dod,3
alt,dow,3
mird,plug,3
Rok,urn,3
Rob,ure,3
folk,iron,3
fob,ire,3
Alix,dola,3
oxime,ralph,3
w,z,3
be,eh,3
bo,er,3
bu,ex,3
mila,plod,3
fa,id,3
V,y,3
i,l,3
P,s,3
aby,deb,3
pry,sub,3
cloy,forb,3
arm,dup,3
gra,jud,3
T,w,3
Abba,deed,3
mell,phoo,3
M,p,3
F,i,3
Pria,suld,3
Ella,hood,3
p,s,3
pelt,show,3
elb,hoe,3
elf,hoi,3
eld,hog,3
elt,how,3
yr,bu,3
moxa,prad,3
old,rog,3
t,w,3
ally,doob,3
axe,dah,3
lab,ode,3
lax,oda,3
gelt,jhow,3
x,a,3
drab,gude,3
Al,do,3
q,t,3
Mira,plud,3
cox,fra,3
j,m,3
peba,shed,3
aru,dux,3
ary,dub,3
ara,dud,3
ark,dun,3
c,f,3
biabo,elder,3
prob,sure,3
proa,surd,3
canel,gerip,4
Dawn,hear,4
Jap,net,4
Wei,aim,4
Owen,sair,4
swan,waer,4
G,k,4
gel,kip,4
Guha,kyle,4
sage,weki,4
Japan,neter,4
sane,weri,4
beni,firm,4
wha,ale,4
okia,some,4
Od,sh,4
feil,jimp,4
ad,eh,4
ai,em,4
ah,el,4
an,er,4
at,ex,4
aw,ea,4
San,wer,4
sec,wig,4
sen,wir,4
olena,spire,4
Lea,pie,4
Len,pir,4
v,z,4
uang,yerk,4
Lehi,pilm,4
U,y,4
Net,rix,4
Nep,rit,4
koa,ose,4
y,c,4
pep,tit,4
pea,tie,4
Del,hip,4
opera,stive,4
r,v,4
b,f,4
k,o,4
Chac,gleg,4
Asa,ewe,4
wran,aver,4
open,stir,4
kuan,oyer,4
uke,yoi,4
lawn,pear,4
hep,lit,4
hei,lim,4
d,h,4
un,yr,4
japan,neter,4
anew,eria,4
cap,get,4
can,ger,4
Gale,kepi,4
N,r,4
dap,het,4
O,s,4
luteo,pyxis,4
H,l,4
pop,tst,4
bhat,flex,4
A,e,4
salp,wept,4
oda,she,4
aga,eke,4
Dail,hemp,4
heiau,limey,4
Lanao,peres,4
bas,few,4
bap,fet,4
bae,fei,4
rap,vet,4
Hu,ly,4
baho,fels,4
z,d,4
ceil,gimp,4
s,w,4
chaa,glee,4
lane,peri,4
jaw,nea,4
jap,net,4
jab,nef,4
wen,air,4
l,p,4
ikra,move,4
e,i,4
yep,cit,4
rance,vergi,4
te,xi,4
W,a,4
aho,els,4
sura,wyve,4
Kuan,oyer,4
jara,neve,4
pasan,tewer,4
lea,pie,4
leg,pik,4
let,pix,4
lew,pia,4
baa,fee,4
zer,div,4
B,f,4
de,hi,4
da,he,4
behap,filet,4
woo,ass,4
nei,rim,4
nea,rie,4
new,ria,4
net,rix,4
nep,rit,4
iwa,mae,4
Ben,fir,4
Bel,fip,4
Bea,fie,4
dey,hic,4
dew,hia,4
Van,zer,4
wan,aer,4
ana,ere,4
ann,err,4
Beja,fine,4
swa,wae,4
pa,te,4
san,wer,4
sap,wet,4
kran,over,4
dare,hevi,4
Sula,wype,4
osela,swipe,4
ode,shi,4
bang,ferk,4
lop,pst,4
Seba,wife,4
kan,oer,4
Ana,ere,4
Ann,err,4
rat,vex,4
f,j,4
Danai,herem,4
sera,wive,4
X,b,4
Yanan,cerer,4
saj,wen,4
sai,wem,4
saa,wee,4
sax,web,4
m,q,4
Q,u,4
zax,deb,4
zar,dev,4
Y,c,4
ie,mi,4
J,n,4
pecan,tiger,4
C,g,4
Saho,wels,4
zel,dip,4
pay,tec,4
pac,teg,4
oka,soe,4
bejan,finer,4
Lew,pia,4
hark,levo,4
dank,hero,4
galp,kept,4
gale,kepi,4
jape,neti,4
he,li,4
hag,lek,4
hap,let,4
hau,ley,4
haw,lea,4
Ok,so,4
E,i,4
I,m,4
Lallan,pepper,4
oat,sex,4
owd,sah,4
Wa,ae,4
Wu,ay,4
u,y,4
n,r,4
Cuna,gyre,4
g,k,4
sahh,well,4
ca,ge,4
pua,tye,4
pup,tyt,4
R,v,4
ben,fir,4
bel,fip,4
bet,fix,4
ea,ie,4
K,o,4
ka,oe,4
ko,os,4
Sara,weve,4
D,h,4
od,sh,4
ow,sa,4
Zea,die,4
ley,pic,4
owl,sap,4
own,sar,4
owk,sao,4
se,wi,4
mana,qere,4
mane,qeri,4
jet,nix,4
Gene,kiri,4
wo,as,4
wi,am,4
Peru,tivy,4
hewn,liar,4
fang,jerk,4
Dana,here,4
gaz,ked,4
gaw,kea,4
gau,key,4
gat,kex,4
gap,ket,4
gal,kep,4
gaj,ken,4
gab,kef,4
gene,kiri,4
rane,veri,4
yank,cero,4
van,zer,4
o,s,4
sawn,wear,4
Nepa,rite,4
oe,si,4
h,l,4
bawn,fear,4
odel,ship,4
Lao,pes,4
Laz,ped,4
a,e,4
nab,ref,4
naa,ree,4
Zep,dit,4
nar,rev,4
nap,ret,4
naw,rea,4
nat,rex,4
awn,ear,4
Z,d,4
lap,pet,4
S,w,4
Dan,her,4
L,p,4
Pani,term,4
owe,sai,4
lean,pier,4
leap,piet,4
rea,vie,4
one,sri,4
paha,tele,4
pull,typp,4
opal,step,4
cep,git,4
sa,we,4
pulk,typo,4
Kee,oii,4
w,a,4
be,fi,4
bena,fire,4
beng,firk,4
benj,firn,4
alkyd,epoch,4
V,z,4
lut,pyx,4
i,m,4
dawn,hear,4
Yana,cere,4
chew,glia,4
pail,temp,4
P,t,4
paw,tea,4
we,ai,4
na,re,4
T,x,4
wop,ast,4
wod,ash,4
wog,ask,4
M,q,4
pawl,teap,4
pawn,tear,4
dan,her,4
luna,pyre,4
F,j,4
Gail,kemp,4
ya,ce,4
pean,tier,4
za,de,4
p,t,4
Pop,tst,4
ba,fe,4
puna,tyre,4
punk,tyro,4
t,x,4
Yuga,cyke,4
lan,per,4
lac,peg,4
law,pea,4
las,pew,4
x,b,4
Ah,el,4
Ao,es,4
swep,wait,4
pulu,typy,4
zac,deg,4
q,u,4
papa,tete,4
dae,hei,4
dal,hep,4
das,hew,4
gean,kier,4
j,n,4
yelk,cipo,4
Ko,os,4
ara,eve,4
c,g,4
wa,ae,4
Beni,firm,4
Ido,nit,5
admi,firn,5
Izzy,need,5
G,l,5
Od,ti,5
ad,fi,5
v,a,5
U,z,5
id,ni,5
y,d,5
r,w,5
b,g,5
k,p,5
d,i,5
N,s,5
O,t,5
H,m,5
pop,utu,5
A,f,5
pi,un,5
po,ut,5
nizy,sned,5
z,e,5
fizzy,kneed,5
Fido,knit,5
azo,fet,5
s,x,5
Po,ut,5
kvint,pansy,5
l,q,5
not,sty,5
amt,fry,5
Ti,yn,5
e,j,5
ti,yn,5
W,b,5
Ijo,not,5
B,g,5
di,in,5
da,if,5
No,st,5
th,ym,5
f,k,5
X,c,5
m,r,5
Q,v,5
Y,d,5
J,o,5
C,h,5
Oto,tyt,5
fizz,knee,5
nit,sny,5
E,j,5
I,n,5
ado,fit,5
u,z,5
n,s,5
g,l,5
R,w,5
K,p,5
D,i,5
od,ti,5
avo,fat,5
ped,uji,5
tji,yon,5
Don,its,5
o,t,5
h,m,5
a,f,5
Z,e,5
dib,ing,5
S,x,5
L,q,5
Ji,on,5
Jin,ons,5
w,b,5
V,a,5
i,n,5
P,u,5
no,st,5
T,y,5
M,r,5
F,k,5
p,u,5
don,its,5
adz,fie,5
ady,fid,5
Nozi,sten,5
Pop,utu,5
t,y,5
Odz,tie,5
x,c,5
q,v,5
apio,funt,5
do,it,5
j,o,5
c,h,5
fir,lox,6
fin,lot,6
chain,ingot,6
jig,pom,6
jib,poh,6
sun,yat,6
off,ull,6
fu,la,6
tche,zink,6
Nou,tua,6
bin,hot,6
buzz,haff,6
boy,hue,6
bon,hut,6
boa,hug,6
bob,huh,6
G,m,6
Guha,mang,6
mule,sark,6
tiff,zoll,6
Ixil,odor,6
vug,bam,6
mux,sad,6
mud,saj,6
mug,sam,6
mun,sat,6
lug,ram,6
jinn,pott,6
vum,bas,6
hi,no,6
Og,um,6
ai,go,6
ay,ge,6
ibis,ohoy,6
moly,sure,6
v,b,6
eu,ka,6
fomes,lusky,6
ash,gyn,6
tu,za,6
U,a,6
ululu,arara,6
tux,zad,6
munch,satin,6
koi,quo,6
kou,qua,6
fume,lask,6
y,e,6
sir,yox,6
sic,yoi,6
sie,yok,6
bus,hay,6
bub,hah,6
mi,so,6
mu,sa,6
goa,mug,6
gor,mux,6
r,x,6
jiggy,pomme,6
jug,pam,6
b,h,6
butyl,hazer,6
fun,lat,6
k,q,6
wile,cork,6
Jimmy,posse,6
sig,yom,6
sin,yot,6
d,j,6
us,ay,6
um,as,6
un,at,6
ug,am,6
quay,wage,6
wolf,curl,6
Gor,mux,6
ache,gink,6
wim,cos,6
wit,coz,6
wis,coy,6
Loa,rug,6
moff,sull,6
N,t,6
gunny,matte,6
Koch,quin,6
eyn,ket,6
Nils,tory,6
O,u,6
jimmy,posse,6
bull,harr,6
H,n,6
all,grr,6
sis,yoy,6
sil,yor,6
A,g,6
bust,hayz,6
Jill,porr,6
puff,vall,6
fusion,layout,6
susu,yaya,6
lynch,retin,6
lin,rot,6
bott,huzz,6
bog,hum,6
pyr,vex,6
dug,jam,6
ulu,ara,6
ule,ark,6
viny,bote,6
limy,rose,6
Hy,ne,6
Hu,na,6
Ho,nu,6
womb,cush,6
Jun,pat,6
buff,hall,6
hia,nog,6
hin,not,6
z,f,6
Lu,ra,6
s,y,6
loch,ruin,6
l,r,6
non,tut,6
nog,tum,6
noa,tug,6
noy,tue,6
nor,tux,6
null,tarr,6
Ti,zo,6
e,k,6
muffy,salle,6
pulpy,varve,6
Mes,sky,6
Susu,yaya,6
ti,zo,6
W,c,6
scab,yigh,6
aho,gnu,6
Sue,yak,6
ashy,gyne,6
wull,carr,6
Jon,put,6
Wolf,curl,6
B,h,6
gummy,masse,6
di,jo,6
aulu,gara,6
sife,yolk,6
woy,cue,6
alogy,grume,6
ho,nu,6
Syun,yeat,6
golly,murre,6
Yun,eat,6
ly,re,6
guff,mall,6
numb,tash,6
No,tu,6
Hun,nat,6
joll,purr,6
joey,puke,6
siol,your,6
tiffy,zolle,6
xi,do,6
gyle,merk,6
loa,rug,6
lox,rud,6
loy,rue,6
Aoul,guar,6
gyn,met,6
dich,join,6
vila,borg,6
Lolo,ruru,6
lion,rout,6
f,l,6
mib,soh,6
mix,sod,6
gony,mute,6
Gila,morg,6
log,rum,6
cly,ire,6
wir,cox,6
X,d,6
John,punt,6
domn,just,6
Hon,nut,6
Ginny,motte,6
Tchwi,zinco,6
m,s,6
Q,w,6
moha,sung,6
bilgy,horme,6
nil,tor,6
nix,tod,6
Y,e,6
J,p,6
pinyl,voter,6
Ju,pa,6
his,noy,6
C,i,6
boll,hurr,6
bis,hoy,6
min,sot,6
gizz,moff,6
Gi,mo,6
hymn,nest,6
Pia,vog,6
noll,turr,6
much,sain,6
jiff,poll,6
nome,tusk,6
wops,cuvy,6
gun,mat,6
gum,mas,6
gul,mar,6
guy,mae,6
E,k,6
I,o,6
jolly,purre,6
auh,gan,6
aum,gas,6
Mocha,suing,6
Wu,ca,6
u,a,6
n,t,6
gio,mou,6
gin,mot,6
Mimi,soso,6
sue,yak,6
sub,yah,6
sum,yas,6
Gum,mas,6
Gus,may,6
Guy,mae,6
g,m,6
Vili,boro,6
vog,bum,6
winy,cote,6
bomb,hush,6
ach,gin,6
Aus,gay,6
For,lux,6
Fon,lut,6
pun,vat,6
pua,vag,6
utchy,azine,6
Noll,turr,6
go,mu,6
R,x,6
piny,vote,6
Lur,rax,6
Lug,ram,6
Lum,ras,6
sull,yarr,6
K,q,6
Jule,park,6
July,pare,6
Mus,say,6
dodo,juju,6
Fur,lax,6
D,j,6
nimb,tosh,6
hue,nak,6
hug,nam,6
huh,nan,6
on,ut,6
om,us,6
oh,un,6
juju,papa,6
Ofo,ulu,6
sob,yuh,6
mocha,suing,6
si,yo,6
ivy,obe,6
wy,ce,6
aim,gos,6
ail,gor,6
bun,hat,6
bug,ham,6
my,se,6
ume,ask,6
gog,mum,6
Don,jut,6
Gulf,marl,6
Gulo,maru,6
biff,holl,6
viola,bourg,6
Aix,god,6
eche,kink,6
Jules,parky,6
o,u,6
zimb,fosh,6
wun,cat,6
Mya,seg,6
h,n,6
Vu,ba,6
a,g,6
ziffs,folly,6
Bu,ha,6
Z,f,6
din,jot,6
div,job,6
dis,joy,6
S,y,6
pia,vog,6
L,r,6
Jo,pu,6
Ji,po,6
vol,bur,6
wily,core,6
lummy,rasse,6
puly,vare,6
Win,cot,6
Fin,lot,6
Jin,pot,6
alin,grot,6
quey,wake,6
ubi,aho,6
fix,lod,6
Sir,yox,6
Bon,hut,6
Bob,huh,6
cha,ing,6
che,ink,6
qua,wag,6
yuh,ean,6
gule,mark,6
gulf,marl,6
fole,lurk,6
fuff,lall,6
for,lux,6
ur,ax,6
Viti,bozo,6
w,c,6
bu,ha,6
by,he,6
wife,colk,6
lieu,roka,6
fi,lo,6
V,b,6
lux,rad,6
lum,ras,6
i,o,6
tur,zax,6
jo,pu,6
tun,zat,6
tua,zag,6
tue,zak,6
P,v,6
fur,lax,6
fum,las,6
Elihu,krona,6
liin,root,6
nun,tat,6
nul,tar,6
ni,to,6
no,tu,6
nu,ta,6
aion,gout,6
sh,yn,6
Jur,pax,6
T,z,6
won,cut,6
wog,cum,6
Gigi,momo,6
M,s,6
Alca,grig,6
jinni,potto,6
foy,lue,6
fog,lum,6
F,l,6
ym,es,6
yo,eu,6
ion,out,6
zo,fu,6
Joey,puke,6
p,v,6
puxy,vade,6
fugu,lama,6
don,jut,6
fils,lory,6
film,lors,6
win,cot,6
yr,ex,6
ginny,motte,6
Poa,vug,6
Juno,patu,6
Sis,yoy,6
t,z,6
liny,rote,6
via,bog,6
vis,boy,6
x,d,6
Ay,ge,6
Gil,mor,6
aqua,gwag,6
pulu,vara,6
Lin,rot,6
Liv,rob,6
goff,mull,6
q,w,6
moy,sue,6
mot,suz,6
mog,sum,6
Juha,pang,6
j,p,6
Mitch,sozin,6
momo,susu,6
hull,narr,6
c,i,6
Huey,nake,6
sile,york,6
irk,pyr,7
Ma,th,7
hah,oho,7
gnu,nub,7
Tim,apt,7
zebu,glib,7
bor,ivy,7
bot,iva,7
G,n,7
ah,ho,7
at,ha,7
ax,he,7
ihi,pop,7
Ler,sly,7
v,c,7
er,ly,7
Lehi,slop,7
U,b,7
it,pa,7
in,pu,7
Net,ula,7
y,f,7
but,iba,7
ma,th,7
r,y,7
b,i,7
obex,vile,7
k,r,7
hew,old,7
d,k,7
ut,ba,7
un,bu,7
teg,aln,7
nonet,uvula,7
khir,ropy,7
Ted,alk,7
N,u,7
note,uval,7
vang,chun,7
O,v,7
timer,aptly,7
H,o,7
A,h,7
lit,spa,7
shee,zoll,7
Pat,wha,7
Hy,of,7
him,opt,7
z,g,7
ahem,holt,7
Max,the,7
s,z,7
lane,shul,7
l,s,7
not,uva,7
Td,ak,7
e,l,7
wheer,dolly,7
te,al,7
W,d,7
link,spur,7
ling,spun,7
let,sla,7
B,i,7
ha,oh,7
nee,ull,7
net,ula,7
Bee,ill,7
la,sh,7
beer,illy,7
wan,dhu,7
ana,huh,7
ani,hup,7
ted,alk,7
tee,all,7
ta,ah,7
atma,hath,7
Ana,huh,7
tahr,ahoy,7
lar,shy,7
f,m,7
paned,whulk,7
ghee,noll,7
lateen,shallu,7
X,e,7
knee,rull,7
teer,ally,7
m,t,7
Q,x,7
tot,ava,7
Y,f,7
J,q,7
Ian,phu,7
C,j,7
par,why,7
pat,wha,7
pah,who,7
Ata,hah,7
Ita,pah,7
Mah,tho,7
E,l,7
I,p,7
u,b,7
n,u,7
ahu,hob,7
pater,whaly,7
g,n,7
khu,rob,7
pang,whun,7
Uta,bah,7
R,y,7
bed,ilk,7
bee,ill,7
eh,lo,7
oxter,vealy,7
K,r,7
D,k,7
hub,obi,7
unfiber,bumpily,7
st,za,7
Utah,baho,7
phew,wold,7
treen,ayllu,7
Wat,dha,7
tut,aba,7
iter,paly,7
item,palt,7
tote,aval,7
tit,apa,7
cheer,jolly,7
knur,ruby,7
vat,cha,7
hot,ova,7
whit,dopa,7
o,v,7
yen,flu,7
yer,fly,7
exit,lepa,7
h,o,7
Lar,shy,7
a,h,7
Ute,bal,7
Z,g,7
lat,sha,7
S,z,7
Dan,khu,7
L,s,7
Pani,whup,7
Tat,aha,7
pahi,whop,7
Ab,hi,7
Debi,klip,7
whee,doll,7
latex,shale,7
later,shaly,7
whet,dola,7
knit,rupa,7
dhu,kob,7
Whit,dopa,7
ur,by,7
w,d,7
by,if,7
phi,wop,7
phu,wob,7
V,c,7
i,p,7
tur,aby,7
tun,abu,7
P,w,7
lata,shah,7
nub,ubi,7
ni,up,7
Ati,hap,7
sh,zo,7
T,a,7
M,t,7
dan,khu,7
ink,pur,7
ing,pun,7
chee,joll,7
wat,dha,7
F,m,7
yn,fu,7
ibex,pile,7
p,w,7
lanky,shurf,7
zenu,glub,7
Mar,thy,7
Mat,tha,7
tox,ave,7
anker,hurly,7
Phil,wops,7
Ing,pun,7
t,a,7
neet,ulla,7
lab,shi,7
lax,she,7
tenet,alula,7
x,e,7
uta,bah,7
Ah,ho,7
mar,thy,7
mat,tha,7
q,x,7
Bab,ihi,7
tat,aha,7
tan,ahu,7
labor,shivy,7
j,q,7
c,j,7
abox,hive,7
eme,mum,8
hah,pip,8
hay,pig,8
Ewe,mem,8
Jat,rib,8
Jap,rix,8
wow,ewe,8
G,o,8
yarr,gizz,8
Og,wo,8
ak,is,8
al,it,8
aw,ie,8
ax,if,8
v,d,8
em,mu,8
es,ma,8
U,c,8
kos,swa,8
y,g,8
weal,emit,8
god,owl,8
r,z,8
guz,och,8
b,j,8
Jay,rig,8
k,s,8
d,l,8
us,ca,8
cal,kit,8
cad,kil,8
quaw,ycie,8
God,owl,8
hals,pita,8
N,v,8
Kaf,sin,8
Kaj,sir,8
Kaw,sie,8
Kay,sig,8
O,w,8
H,p,8
A,i,8
skua,asci,8
Sal,ait,8
seem,ammu,8
bat,jib,8
daff,linn,8
rah,zip,8
ray,zig,8
z,h,8
tav,bid,8
ust,cab,8
s,a,8
setal,ambit,8
jay,rig,8
jaw,rie,8
jap,rix,8
jag,rio,8
wem,emu,8
l,t,8
Emys,muga,8
e,m,8
egol,mowt,8
nak,vis,8
W,e,8
esca,maki,8
bay,jig,8
B,j,8
da,li,8
ha,pi,8
la,ti,8
Van,div,8
Taos,biwa,8
pa,xi,8
khan,spiv,8
kay,sig,8
kat,sib,8
slog,atwo,8
Lwo,tew,8
f,n,8
log,two,8
whau,epic,8
owse,weam,8
sea,ami,8
Caca,kiki,8
X,f,8
saj,air,8
sal,ait,8
sad,ail,8
loaf,twin,8
m,u,8
zak,his,8
Q,y,8
Y,g,8
J,r,8
ego,mow,8
C,k,8
Ge,om,8
sew,ame,8
Bala,jiti,8
Kome,swum,8
hap,pix,8
hau,pic,8
haw,pie,8
Os,wa,8
E,m,8
I,q,8
mem,umu,8
mew,ume,8
shag,apio,8
u,c,8
n,v,8
suz,ach,8
Hal,pit,8
g,o,8
spak,axis,8
egad,moil,8
ge,om,8
go,ow,8
R,z,8
ea,mi,8
Luc,tck,8
K,s,8
ka,si,8
D,l,8
ow,we,8
os,wa,8
owl,wet,8
udal,clit,8
sod,awl,8
sow,awe,8
sov,awd,8
se,am,8
yat,gib,8
yaw,gie,8
yah,gip,8
me,um,8
my,ug,8
tala,biti,8
ume,cum,8
gad,oil,8
koae,swim,8
van,div,8
vat,dib,8
o,w,8
tarr,bizz,8
h,p,8
Gad,oil,8
a,i,8
haul,pict,8
nae,vim,8
naw,vie,8
kava,sidi,8
Z,h,8
lat,tib,8
Val,dit,8
S,a,8
kaka,sisi,8
fay,nig,8
fat,nib,8
fad,nil,8
fae,nim,8
L,t,8
owe,wem,8
kans,siva,8
Tat,bib,8
Tal,bit,8
ugh,cop,8
spad,axil,8
egg,moo,8
so,aw,8
sa,ai,8
task,bias,8
baff,jinn,8
alk,its,8
w,e,8
ake,ism,8
fa,ni,8
V,d,8
Lars,tiza,8
hade,pilm,8
i,q,8
P,x,8
we,em,8
use,cam,8
ush,cap,8
T,b,8
M,u,8
F,n,8
za,hi,8
p,x,8
eat,mib,8
farse,nizam,8
add,ill,8
oaf,win,8
oak,wis,8
oar,wiz,8
t,b,8
lad,til,8
lay,tig,8
law,tie,8
Ray,zig,8
x,f,8
Al,it,8
tall,bitt,8
shake,apism,8
q,y,8
Bat,jib,8
Em,mu,8
ewe,mem,8
tat,bib,8
dae,lim,8
dal,lit,8
dah,lip,8
dak,lis,8
daw,lie,8
geal,omit,8
j,r,8
Fay,nig,8
c,k,8
tar,biz,8
tay,big,8
tal,bit,8
fir,ora,9
fip,ory,9
fit,orc,9
size,brin,9
irk,rat,9
fu,od,9
fe,on,9
G,p,9
Ira,raj,9
tift,croc,9
v,e,9
el,nu,9
er,na,9
U,d,9
y,h,9
sir,bra,9
r,a,9
b,k,9
k,t,9
avid,jerm,9
d,m,9
Beri,knar,9
jerky,snath,9
tire,cran,9
N,w,9
ruru,adad,9
O,x,9
H,q,9
A,j,9
river,arena,9
tiver,crena,9
lire,uran,9
lie,urn,9
Nip,wry,9
Tyrr,chaa,9
pi,yr,9
ulu,dud,9
ule,dun,9
Leslie,unburn,9
gird,pram,9
girl,prau,9
z,i,9
Rio,arx,9
Rik,art,9
s,b,9
l,u,9
e,n,9
W,f,9
rier,arna,9
verity,enarch,9
cro,lax,9
Ulex,dung,9
bleb,kunk,9
tri,car,9
B,k,9
li,ur,9
arx,jag,9
Ree,ann,9
urde,damn,9
Kru,tad,9
Kra,taj,9
f,o,9
Sri,bar,9
tip,cry,9
wir,fra,9
X,g,9
Sleb,bunk,9
m,v,9
Q,z,9
nip,wry,9
ply,yuh,9
Y,h,9
J,s,9
reefer,annona,9
C,l,9
sleep,bunny,9
ilex,rung,9
rit,arc,9
rip,ary,9
rio,arx,9
rid,arm,9
rie,arn,9
rib,ark,9
slur,buda,9
ire,ran,9
spiv,byre,9
err,naa,9
ers,nab,9
erd,nam,9
ere,nan,9
erg,nap,9
E,n,9
I,r,9
Uri,dar,9
Uru,dad,9
Urs,dab,9
u,d,9
els,nub,9
n,w,9
g,p,9
sire,bran,9
czar,lija,9
zee,inn,9
verd,enam,9
R,a,9
K,t,9
ree,ann,9
Fur,oda,9
D,m,9
ivy,reh,9
slip,bury,9
kra,taj,9
rep,any,9
kip,try,9
crib,lark,9
xeric,gnarl,9
scry,blah,9
jerib,snark,9
o,x,9
h,q,9
ilk,rut,9
drip,mary,9
drib,mark,9
Laz,uji,9
a,j,9
ulex,dung,9
Z,i,9
Fo,ox,9
S,b,9
trig,carp,9
sri,bar,9
L,u,9
trek,cant,9
dreep,manny,9
Ro,ax,9
urd,dam,9
ure,dan,9
urn,daw,9
Sir,bra,9
alk,jut,9
fop,oxy,9
ur,da,9
w,f,9
fi,or,9
V,e,9
i,r,9
uvid,derm,9
fore,oxan,9
P,y,9
fur,oda,9
pry,yah,9
T,c,9
re,an,9
M,v,9
F,o,9
p,y,9
glop,puxy,9
elk,nut,9
gip,pry,9
gif,pro,9
yr,ha,9
glar,puja,9
clee,lunn,9
t,c,9
byre,khan,9
x,g,9
bifer,krona,9
Liv,ure,9
lier,urna,9
berg,knap,9
q,z,9
j,s,9
arn,jaw,9
c,l,9
urf,dao,9
silk,brut,9
lube,velo,10
Ido,sny,10
Mo,wy,10
aer,kob,10
emu,owe,10
fe,po,10
Wei,gos,10
aery,kobi,10
wye,gio,10
Ud,en,10
Sutu,cede,10
G,q,10
mud,wen,10
wudu,gene,10
vum,few,10
besa,lock,10
Od,yn,10
ae,ko,10
ser,cob,10
see,coo,10
sen,cox,10
web,gol,10
wed,gon,10
v,f,10
em,ow,10
en,ox,10
ex,oh,10
eu,oe,10
she,cro,10
rub,bel,10
rud,ben,10
rut,bed,10
tu,de,10
U,e,10
y,i,10
pee,zoo,10
roed,byon,10
but,led,10
mo,wy,10
mu,we,10
r,b,10
jud,ten,10
jut,ted,10
b,l,10
k,u,10
seed,coon,10
het,rod,10
hew,rog,10
her,rob,10
hey,roi,10
hem,row,10
hen,rox,10
d,n,10
un,ex,10
whew,grog,10
ye,io,10
Ted,don,10
N,x,10
deed,noon,10
O,y,10
beet,lood,10
H,r,10
feed,poon,10
A,k,10
tew,dog,10
yoe,iyo,10
ulu,eve,10
tete,dodo,10
feu,poe,10
fey,poi,10
Hu,re,10
Imer,swob,10
z,j,10
s,c,10
wee,goo,10
wer,gob,10
wet,god,10
wey,goi,10
l,v,10
e,o,10
hexer,rohob,10
Meo,woy,10
Mer,wob,10
cud,men,10
cub,mel,10
cum,mew,10
te,do,10
W,g,10
Ijo,sty,10
Suu,cee,10
umu,ewe,10
vet,fod,10
tyt,did,10
lew,vog,10
mho,wry,10
zer,job,10
B,l,10
de,no,10
Xema,howk,10
beau,loke,10
Jef,top,10
vee,foo,10
Ben,lox,10
Bee,loo,10
dew,nog,10
beef,loop,10
uredo,ebony,10
Red,bon,10
Ree,boo,10
Tebu,dole,10
tec,dom,10
ted,don,10
fed,pon,10
fen,pox,10
Hun,rex,10
fet,pod,10
Jew,tog,10
Jem,tow,10
sewed,cogon,10
Seba,colk,10
f,p,10
iao,sky,10
Sho,cry,10
Rusa,beck,10
Udi,ens,10
set,cod,10
X,h,10
teer,doob,10
m,w,10
Q,a,10
cede,mono,10
Y,i,10
ie,so,10
J,t,10
rude,beno,10
rudd,benn,10
Ju,te,10
C,m,10
Lew,vog,10
sew,cog,10
huff,repp,10
Turki,debus,10
sheet,crood,10
E,o,10
Uredo,ebony,10
I,s,10
meed,woon,10
meet,wood,10
mem,wow,10
met,wod,10
mew,wog,10
Wu,ge,10
u,e,10
n,x,10
sho,cry,10
wud,gen,10
Ibo,sly,10
g,q,10
jow,tyg,10
khu,ure,10
Fon,pyx,10
ce,mo,10
pub,zel,10
put,zed,10
Tho,dry,10
R,b,10
ben,lox,10
bee,loo,10
ber,lob,10
bet,lod,10
eh,or,10
K,u,10
ret,bod,10
reh,bor,10
red,bon,10
ree,boo,10
D,n,10
peed,zoon,10
hub,rel,10
hut,red,10
oh,yr,10
od,yn,10
juju,tete,10
redo,bony,10
leu,voe,10
were,gobo,10
jet,tod,10
jed,ton,10
Rudy,beni,10
ref,bop,10
teju,dote,10
buy,lei,10
bum,lew,10
me,wo,10
my,wi,10
o,y,10
oe,yo,10
h,r,10
Vu,fe,10
yed,ion,10
a,k,10
reet,bood,10
reed,boon,10
Z,j,10
Mod,wyn,10
S,c,10
Teco,domy,10
L,v,10
tute,dedo,10
cone,myxo,10
Ro,by,10
cee,moo,10
ubi,els,10
wup,gez,10
wut,ged,10
jehu,tore,10
weed,goon,10
weet,good,10
rebut,boled,10
w,g,10
be,lo,10
bo,ly,10
by,li,10
Syed,cion,10
tho,dry,10
V,f,10
i,s,10
tur,deb,10
P,z,10
fut,ped,10
fud,pen,10
fum,pew,10
we,go,10
tum,dew,10
dum,new,10
due,neo,10
heii,ross,10
T,d,10
re,bo,10
wod,gyn,10
M,w,10
F,p,10
heed,roon,10
p,z,10
jumbo,tewly,10
tou,dye,10
oki,yus,10
t,d,10
x,h,10
Sufi,ceps,10
bere,lobo,10
q,a,10
them,drow,10
mou,wye,10
ouf,yep,10
out,yed,10
Em,ow,10
Ed,on,10
j,t,10
hulu,reve,10
c,m,10
Reid,bosn,10
Ida,tol,11
Jat,ule,11
Jap,ula,11
G,r,11
uji,fut,11
hi,st,11
Od,zo,11
up,fa,11
ad,lo,11
an,ly,11
ax,li,11
ihi,tst,11
v,g,11
ex,pi,11
U,f,11
it,te,11
id,to,11
y,j,11
pet,ape,11
pep,apa,11
r,c,11
rate,clep,11
b,m,11
k,v,11
hep,spa,11
hen,spy,11
d,o,11
ut,fe,11
N,y,11
pard,alco,11
spa,dal,11
O,z,11
stun,defy,11
H,s,11
pod,azo,11
prat,acle,11
A,l,11
pith,ates,11
ant,lye,11
odd,zoo,11
pi,at,11
Pat,ale,11
Pan,aly,11
Uds,fod,11
hin,sty,11
z,k,11
s,d,11
jap,ula,11
l,w,11
e,p,11
raphe,clasp,11
hide,stop,11
W,h,11
spot,daze,11
B,m,11
then,espy,11
hatt,slee,11
eats,pled,11
pa,al,11
th,es,11
ta,el,11
Othin,zesty,11
xi,it,11
ran,cly,11
f,q,11
tip,eta,11
Hatti,sleet,11
Udi,fot,11
X,i,11
its,ted,11
m,x,11
Q,b,11
Y,j,11
J,u,11
C,n,11
pap,ala,11
pat,ale,11
pau,alf,11
pac,aln,11
pad,alo,11
pan,aly,11
Ito,tez,11
spit,date,11
han,sly,11
hap,sla,11
E,p,11
I,t,11
Addu,loof,11
u,f,11
n,y,11
edit,pote,11
g,r,11
pipe,atap,11
R,c,11
K,v,11
patu,alef,11
vade,glop,11
D,o,11
od,zo,11
Etta,peel,11
st,de,11
jed,upo,11
Utah,fels,11
adit,lote,11
step,depa,11
o,z,11
h,s,11
paup,alfa,11
a,l,11
Z,k,11
S,d,11
pit,ate,11
L,w,11
Ji,ut,11
rape,clap,11
adet,lope,11
Tab,elm,11
Tai,elt,11
spat,dale,11
Ade,lop,11
pst,ade,11
utai,felt,11
ape,lap,11
tch,ens,11
w,h,11
phi,ast,11
V,g,11
hade,slop,11
i,t,11
inbe,tymp,11
tui,eft,11
P,a,11
Ati,let,11
T,e,11
M,x,11
F,q,11
hipe,stap,11
Hapi,slat,11
p,a,11
ean,ply,11
add,loo,11
ade,lop,11
depa,opal,11
t,e,11
axe,lip,11
nth,yes,11
x,i,11
ide,top,11
q,b,11
Ed,po,11
dab,olm,11
das,old,11
j,u,11
Edda,pool,11
Ran,cly,11
c,n,11
tau,elf,11
taa,ell,11
tab,elm,11
tai,elt,11
fir,rud,12
fip,rub,12
Ma,ym,12
Mo,ya,12
fib,run,12
yoga,kasm,12
Nou,zag,12
dowf,pair,12
dowd,paip,12
boy,nak,12
bop,nab,12
boo,naa,12
boa,nam,12
bob,nan,12
bod,nap,12
G,s,12
rob,dan,12
roc,dao,12
acid,moup,12
hi,tu,12
cuss,ogee,12
Og,as,12
touch,fagot,12
pob,ban,12
ai,mu,12
am,my,12
as,me,12
aw,mi,12
ihi,utu,12
v,h,12
ambo,myna,12
ask,mew,12
ash,met,12
U,g,12
id,up,12
Gogo,sasa,12
kop,wab,12
kos,wae,12
kou,wag,12
y,k,12
ma,ym,12
mo,ya,12
gol,sax,12
goo,saa,12
god,sap,12
goa,sam,12
gob,san,12
gor,sad,12
r,d,12
b,n,12
k,w,12
Asa,mem,12
how,tai,12
hop,tab,12
gish,suet,12
d,p,12
us,ge,12
God,sap,12
Gor,sad,12
Goth,saft,12
moff,yarr,12
N,z,12
orc,ado,12
O,a,12
H,t,12
pom,bay,12
poh,bat,12
pod,bap,12
A,m,12
Piro,buda,12
pi,bu,12
po,ba,12
girr,sudd,12
gogo,sasa,12
Ho,ta,12
hip,tub,12
hia,tum,12
z,l,12
Fido,rupa,12
Ric,duo,12
s,e,12
Po,ba,12
l,x,12
mojo,yava,12
noy,zak,12
nor,zad,12
Ti,fu,12
e,q,12
bobo,nana,12
ti,fu,12
W,i,12
Ijo,uva,12
rod,dap,12
rog,das,12
torus,fadge,12
cro,oda,12
Suu,egg,12
B,n,12
di,pu,12
cot,oaf,12
coy,oak,12
dip,pub,12
ho,ta,12
bom,nay,12
wad,imp,12
waw,imi,12
No,za,12
to,fa,12
pig,bus,12
pir,bud,12
f,r,12
smog,eyas,12
mig,yus,12
Sho,eta,12
tip,fub,12
X,j,12
Mojo,yava,12
sai,emu,12
gym,sky,12
m,y,12
Q,c,12
sadh,empt,12
Y,k,12
koft,warf,12
J,v,12
his,tue,12
C,o,12
road,damp,12
bib,nun,12
biz,nul,12
gizz,sull,12
fizz,rull,12
Pim,buy,12
Pia,bum,12
zogo,lasa,12
rip,dub,12
rid,dup,12
rib,dun,12
ria,dum,12
otto,affa,12
Ok,aw,12
Os,ae,12
Tiam,fumy,12
E,q,12
poof,baar,12
gowf,sair,12
I,u,12
zizz,lull,12
zoa,lam,12
u,g,12
toa,fam,12
Zoa,lam,12
doff,parr,12
n,z,12
sho,eta,12
gin,suz,12
g,s,12
job,van,12
jog,vas,12
bizz,null,12
ach,mot,12
porus,badge,12
For,rad,12
hopi,tabu,12
ca,om,12
if,ur,12
go,sa,12
R,d,12
suum,eggy,12
hoof,taar,12
koko,wawa,12
K,w,12
ko,wa,12
dodo,papa,12
D,p,12
om,ay,12
oh,at,12
of,ar,12
ow,ai,12
os,ae,12
or,ad,12
Zips,lube,12
Ofo,ara,12
sob,ean,12
soh,eat,12
si,eu,12
air,mud,12
ail,mux,12
asor,mead,12
Dol,pax,12
Dob,pan,12
Dor,pad,12
kiri,wudu,12
gift,surf,12
Dido,pupa,12
Otto,affa,12
Tor,fad,12
Tom,fay,12
goad,samp,12
dom,pay,12
holm,taxy,12
hod,tap,12
hob,tan,12
hoi,tau,12
hox,taj,12
o,a,12
Vip,hub,12
h,t,12
scob,eoan,12
a,m,12
awl,mix,12
awa,mim,12
Z,l,12
dig,pus,12
dib,pun,12
hippo,tubba,12
Fo,ra,12
Mod,yap,12
S,e,12
pip,bub,12
pia,bum,12
Vod,hap,12
tib,fun,12
L,x,12
Hopi,tabu,12
goby,sank,12
Koko,wawa,12
Ro,da,12
so,ea,12
sa,em,12
ubi,gnu,12
pogy,bask,12
kob,wan,12
kor,wad,12
Bos,nae,12
Bob,nan,12
doby,pank,12
Rok,daw,12
Rob,dan,12
tck,fow,12
tch,fot,12
fou,rag,12
fop,rab,12
for,rad,12
fox,raj,12
fod,rap,12
fob,ran,12
w,i,12
mott,yaff,12
bo,na,12
fogo,rasa,12
V,h,12
i,u,12
Rod,dap,12
Roy,dak,12
P,b,12
piff,burr,12
Kol,wax,12
no,za,12
ush,get,12
hobo,tana,12
T,f,12
Gigi,susu,12
M,y,12
cit,ouf,12
yom,kay,12
yow,kai,12
fog,ras,12
F,r,12
yo,ka,12
ropp,dabb,12
zo,la,12
Bodo,napa,12
p,b,12
Job,van,12
dob,pan,12
dod,pap,12
dor,pad,12
pobs,bane,12
oam,amy,12
tor,fad,12
tou,fag,12
gip,sub,12
gif,sur,12
gid,sup,12
gib,sun,12
did,pup,12
Poa,bam,12
t,f,12
via,hum,12
vis,hue,12
kobu,wang,12
Ods,ape,12
x,j,12
Ao,ma,12
As,me,12
Gib,sun,12
fons,raze,12
pott,baff,12
gassy,smeek,12
q,c,12
moy,yak,12
mor,yad,12
mob,yan,12
mog,yas,12
Mott,yaff,12
do,pa,12
Pomo,baya,12
j,v,12
Ko,wa,12
momo,yaya,12
c,o,12
irk,vex,13
fra,sen,13
fu,sh,13
neon,arba,13
bin,ova,13
crea,pern,13
Aro,neb,13
bor,obe,13
G,t,13
gen,tra,13
gel,try,13
perry,creel,13
Hein,urva,13
Jura,when,13
try,gel,13
purrel,cheery,13
cheery,purrel,13
ah,nu,13
an,na,13
ar,ne,13
sen,fra,13
funt,shag,13
tane,gnar,13
v,i,13
en,ra,13
er,re,13
gnat,tang,13
gnar,tane,13
rear,erne,13
she,fur,13
sha,fun,13
U,h,13
Nep,arc,13
sneb,faro,13
pent,crag,13
Ghan,tuna,13
y,l,13
bub,oho,13
serve,freir,13
r,e,13
Puno,chab,13
b,o,13
fun,sha,13
k,x,13
fubby,shool,13
ten,gra,13
her,ure,13
hen,ura,13
d,q,13
un,ha,13
terral,greeny,13
N,a,13
ory,bel,13
ort,beg,13
orf,bes,13
ore,ber,13
ora,ben,13
O,b,13
Tran,gena,13
arba,neon,13
H,u,13
hern,urea,13
A,n,13
ant,nag,13
tung,ghat,13
anil,navy,13
Tyrr,glee,13
bar,one,13
ban,ona,13
ovey,birl,13
ghat,tung,13
Jun,wha,13
hin,uva,13
z,m,13
gurr,thee,13
june,whar,13
s,f,13
whar,june,13
chat,pung,13
onyx,balk,13
l,y,13
Crax,penk,13
non,aba,13
becuna,orphan,13
e,r,13
teng,grat,13
Ivan,vina,13
Ova,bin,13
purre,cheer,13
cub,pho,13
Iraq,vend,13
W,j,13
aho,nub,13
flap,sync,13
B,o,13
ha,un,13
nea,arn,13
nep,arc,13
Nana,anan,13
Ben,ora,13
Bel,ory,13
purr,chee,13
la,yn,13
Ree,err,13
arc,nep,13
ana,nan,13
ann,naa,13
tee,grr,13
creel,perry,13
tra,gen,13
Shel,fury,13
ivin,viva,13
bean,orna,13
nana,anan,13
grat,teng,13
Ana,nan,13
Ann,naa,13
Bare,oner,13
crag,pent,13
f,s,13
June,whar,13
Sho,fub,13
ghee,turr,13
X,k,13
greeny,terral,13
m,z,13
Q,d,13
nib,avo,13
Y,l,13
thaw,gunj,13
than,guna,13
J,w,13
Crex,perk,13
bare,oner,13
C,p,13
Nan,ana,13
pern,crea,13
aba,non,13
gurl,they,13
viva,ivin,13
oner,bare,13
he,ur,13
Ona,ban,13
err,ree,13
ers,ref,13
erg,ret,13
Abe,nor,13
Abo,nob,13
gun,tha,13
gul,thy,13
gur,the,13
E,r,13
I,v,13
The,gur,13
ova,bin,13
shag,funt,13
Avar,nine,13
u,h,13
n,a,13
aha,nun,13
sho,fub,13
g,t,13
chal,puny,13
oho,bub,13
balk,onyx,13
rail,envy,13
pun,cha,13
pub,cho,13
R,e,13
ben,ora,13
bel,ory,13
beg,ort,13
ber,ore,13
bes,orf,13
K,x,13
ret,erg,13
ree,err,13
Fur,she,13
D,q,13
on,ba,13
oh,bu,13
or,be,13
gunj,thaw,13
erne,rear,13
dhoon,qubba,13
avo,nib,13
ref,ers,13
obe,bor,13
navy,anil,13
fant,snag,13
faro,sneb,13
freir,serve,13
cheer,purre,13
ura,hen,13
vat,ing,13
o,b,13
h,u,13
Pyrex,clerk,13
guna,than,13
a,n,13
naa,ann,13
nag,ant,13
nan,ana,13
orphan,becuna,13
Bu,oh,13
Z,m,13
tref,gers,13
qubba,dhoon,13
S,f,13
L,y,13
orna,bean,13
ona,ban,13
one,bar,13
anan,nana,13
Tang,gnat,13
gent,trag,13
genu,trah,13
ure,her,13
Ab,no,13
sync,flap,13
cha,pun,13
che,pur,13
cho,pub,13
pyrex,clerk,13
Brava,oenin,13
turr,ghee,13
vex,irk,13
ur,he,13
w,j,13
be,or,13
bu,oh,13
birl,ovey,13
pho,cub,13
thee,gurr,13
they,gurl,13
thy,gul,13
the,gur,13
pur,che,13
V,i,13
envy,rail,13
i,v,13
tang,gnat,13
P,c,13
fur,she,13
fub,sho,13
shool,fubby,13
nun,aha,13
nub,aho,13
urea,hern,13
na,an,13
ne,ar,13
nu,ah,13
uva,hin,13
Erava,renin,13
sh,fu,13
grr,tee,13
gra,ten,13
T,g,13
re,er,13
ra,en,13
snag,fant,13
Abba,noon,13
Chechen,purpura,13
M,z,13
ing,vat,13
chee,purr,13
F,s,13
yn,la,13
p,c,13
Cuba,phon,13
Phil,cuvy,13
Ing,vat,13
ba,on,13
pung,chat,13
puny,chal,13
t,g,13
gers,tref,13
Perry,creel,13
nowhere,abjurer,13
x,k,13
Ah,nu,13
clerk,pyrex,13
q,d,13
abjurer,nowhere,13
Ban,ona,13
Juha,whun,13
trah,genu,13
j,w,13
tha,gun,13
Una,han,13
arn,nea,13
c,p,13
trag,gent,13
Ida,wro,14
wang,kobu,14
sank,goby,14
sun,gib,14
emu,sai,14
gnu,ubi,14
fu,ti,14
G,u,14
baar,poof,14
Yaka,moyo,14
yarr,moff,14
mux,ail,14
mud,air,14
wudu,kiri,14
sasa,gogo,14
up,id,14
ae,os,14
ad,or,14
ai,ow,14
ar,of,14
at,oh,14
ay,om,14
San,gob,14
v,j,14
em,sa,14
eu,si,14
rub,fip,14
rud,fir,14
tu,hi,14
U,i,14
burr,piff,14
samp,goad,14
y,m,14
wawa,koko,14
bus,pig,14
bub,pip,14
bud,pir,14
mi,aw,14
mu,ai,14
suet,gish,14
r,f,14
b,p,14
vas,jog,14
taar,hoof,14
fun,tib,14
k,y,14
d,r,14
N,b,14
Kaf,yot,14
Kaj,yox,14
Kaw,yok,14
Kay,yom,14
mead,asor,14
parr,doff,14
dao,roc,14
dap,rod,14
O,c,14
H,v,14
A,o,14
wag,kou,14
oda,cro,14
Sak,goy,14
Sam,goa,14
rull,fizz,14
tabu,hopi,14
dun,rib,14
pu,di,14
bat,poh,14
bap,pod,14
ban,pob,14
get,ush,14
Pan,dob,14
rag,fou,14
rad,for,14
raj,fox,14
ras,fog,14
rap,fod,14
eggy,suum,14
z,n,14
zad,nor,14
s,g,14
l,z,14
amy,oam,14
null,bizz,14
e,s,14
nak,boy,14
W,k,14
surf,gift,14
Sus,gig,14
Amy,oam,14
bay,pom,14
B,p,14
yak,moy,14
sudd,girr,14
Emm,saa,14
Nana,bobo,14
Yun,mib,14
la,zo,14
Van,job,14
wan,kob,14
wad,kor,14
Zan,nob,14
pa,do,14
san,gob,14
sap,god,14
ta,ho,14
bane,pobs,14
nana,bobo,14
kay,yom,14
damp,road,14
kai,yow,14
yava,mojo,14
rab,fop,14
ran,fob,14
f,t,14
mim,awa,14
mix,awl,14
X,l,14
badge,porus,14
sam,goa,14
saa,goo,14
sad,gor,14
sax,gol,14
fadge,torus,14
m,a,14
zak,noy,14
Q,e,14
Y,m,14
J,x,14
Ju,xi,14
Ian,wob,14
Faba,topo,14
sair,gowf,14
C,q,14
Nan,bob,14
pap,dod,14
pay,dom,14
pad,dor,14
pan,dob,14
Ata,oho,14
fagot,touch,14
eoan,scob,14
ogee,cuss,14
Ge,us,14
Ita,who,14
yaya,momo,14
E,s,14
I,w,14
ado,orc,14
met,ash,14
mew,ask,14
run,fib,14
Wa,ko,14
u,i,14
smeek,gassy,14
n,b,14
sub,gip,14
sur,gif,14
sup,gid,14
suz,gin,14
g,u,14
pank,doby,14
pun,dib,14
pub,dip,14
pup,did,14
pus,dig,14
ge,us,14
R,f,14
ea,so,14
yaff,mott,14
sull,gizz,14
K,y,14
ka,yo,14
Lana,zobo,14
D,r,14
hue,vis,14
hum,via,14
om,ca,14
Rudy,firm,14
tub,hip,14
bum,pia,14
rasa,fogo,14
yas,mog,14
yan,mob,14
me,as,14
my,am,14
Aix,owl,14
van,job,14
o,c,14
affa,otto,14
h,v,14
eta,sho,14
lull,zizz,14
a,o,14
nab,bop,14
naa,boo,14
nan,bob,14
nam,boa,14
nap,bod,14
nay,bom,14
Bu,pi,14
Z,n,14
Vai,jow,14
moup,acid,14
S,g,14
Dan,rob,14
tubba,hippo,14
fam,toa,14
fag,tou,14
fad,tor,14
L,z,14
Tab,hop,14
Tai,how,14
lasa,zogo,14
taxy,holm,14
sa,go,14
imi,waw,14
imp,wad,14
baff,pott,14
empt,sadh,14
yus,mig,14
myna,ambo,14
ur,if,14
raze,fons,14
w,k,14
bu,pi,14
fa,to,14
V,j,14
i,w,14
Rus,fig,14
tana,hobo,14
pair,dowf,14
paip,dowd,14
tue,his,14
P,d,14
fub,tip,14
tum,hia,14
nun,bib,14
nul,biz,14
na,bo,14
dabb,ropp,14
Bud,pir,14
dum,ria,14
dub,rip,14
dup,rid,14
T,h,14
M,a,14
utu,ihi,14
dan,rob,14
wae,kos,14
wab,kop,14
fot,tch,14
fow,tck,14
F,t,14
ym,ma,14
ya,mo,14
za,no,14
p,d,14
ean,sob,14
eat,soh,14
warf,koft,14
bask,pogy,14
Anax,obol,14
oaf,cot,14
oak,coy,14
ba,po,14
eyas,smog,14
t,h,14
lam,zoa,14
yad,mor,14
x,l,14
Ay,om,14
kasm,yoga,14
q,e,14
mot,ach,14
ouf,cit,14
Bat,poh,14
Bab,pop,14
Ban,pob,14
Em,sa,14
papa,dodo,14
tap,hod,14
tan,hob,14
das,rog,14
j,x,14
Nudd,birr,14
Mwa,ako,14
Rab,fop,14
Ran,fob,14
Raj,fox,14
c,q,14
wa,ko,14
tau,hoi,14
tab,hop,14
tai,how,14
taj,hox,14
sky,gym,14
alfa,paup,15
fe,ut,15
G,v,15
espy,then,15
al,pa,15
at,pi,15
v,k,15
el,ta,15
es,th,15
ast,phi,15
U,j,15
stop,hide,15
it,xi,15
y,n,15
ens,tch,15
r,g,15
b,q,15
k,z,15
d,s,15
Ted,its,15
N,c,15
spy,hen,15
spa,hep,15
O,d,15
H,w,15
aln,pac,15
alo,pad,15
alf,pau,15
ale,pat,15
aly,pan,15
A,p,15
slop,hade,15
lip,axe,15
eft,tui,15
pi,ex,15
z,o,15
Lo,ad,15
azo,pod,15
s,h,15
defy,stun,15
l,a,15
slee,hatt,15
Td,is,15
e,t,15
stap,hipe,15
yes,nth,15
te,it,15
W,l,15
Eppy,teen,15
Alf,pau,15
B,q,15
de,st,15
ula,jap,15
felt,utai,15
lo,ad,15
li,ax,15
ly,an,15
pote,edit,15
ted,its,15
to,id,15
loo,add,15
lop,ade,15
Lolo,adad,15
f,u,15
cly,ran,15
clasp,raphe,15
ate,pit,15
X,m,15
m,b,15
Q,f,15
ply,ean,15
Y,n,15
J,y,15
sty,hin,15
C,r,15
Oto,did,15
Ata,pip,15
Dale,spat,15
lote,adit,15
zoo,odd,15
E,t,15
I,x,15
tymp,inbe,15
u,j,15
elm,tab,15
n,c,15
g,v,15
date,spit,15
clap,rape,15
Spy,hen,15
R,g,15
upo,jed,15
K,z,15
D,s,15
Ofo,dud,15
st,hi,15
daze,spot,15
ell,taa,15
o,d,15
pled,eats,15
Old,das,15
h,w,15
eta,tip,15
a,p,15
sly,han,15
sla,hap,15
Z,o,15
lap,ape,15
lye,ant,15
S,h,15
alco,pard,15
L,a,15
ates,pith,15
atap,pipe,15
opal,depa,15
Ade,pst,15
tst,ihi,15
acle,prat,15
alef,patu,15
ala,pap,15
apa,pep,15
ape,pet,15
w,l,15
fa,up,15
V,k,15
i,x,15
dale,spat,15
P,e,15
fut,uji,15
Ati,pix,15
lope,adet,15
T,i,15
M,b,15
F,u,15
zo,od,15
p,e,15
glop,vade,15
ade,pst,15
top,ide,15
depa,step,15
elf,tau,15
elt,tai,15
clep,rate,15
old,das,15
olm,dab,15
t,i,15
x,m,15
Eli,tax,15
Al,pa,15
q,f,15
dal,spa,15
j,y,15
c,r,15
Mo,ce,16
Ewe,umu,16
wye,mou,16
wow,mem,16
roon,heed,16
Bosc,reis,16
bop,ref,16
bor,reh,16
bon,red,16
boo,ree,16
bod,ret,16
G,w,16
gez,wup,16
ged,wut,16
gen,wud,16
roi,hey,16
rob,her,16
row,hem,16
cogon,sewed,16
dedo,tute,16
Ged,wut,16
Len,bud,16
Tod,jet,16
Lex,bun,16
v,l,16
ex,un,16
U,k,16
y,o,16
pew,fum,16
pen,fud,16
Del,tub,16
Deb,tur,16
mo,ce,16
gol,web,16
goo,wee,16
gon,wed,16
goi,wey,16
god,wet,16
gob,wer,16
r,h,16
b,r,16
k,a,16
dote,teju,16
ten,jud,16
d,t,16
God,wet,16
lood,beet,16
loop,beef,16
Ted,jut,16
N,d,16
O,e,16
lobo,bere,16
H,x,16
pox,fen,16
pon,fed,16
poi,fey,16
pod,fet,16
A,q,16
men,cud,16
ebony,uredo,16
po,fe,16
tyg,jow,16
tete,juju,16
wood,meet,16
dye,tou,16
z,p,16
Lo,be,16
s,i,16
doob,teer,16
crood,sheet,16
lock,besa,16
Po,fe,16
wen,mud,16
l,b,16
tewly,jumbo,16
nog,dew,16
e,u,16
yep,ouf,16
Nell,dubb,16
Meo,cue,16
W,m,16
rod,het,16
rog,hew,16
cro,she,16
boled,rebut,16
Jon,zed,16
led,but,16
lei,buy,16
lew,bum,16
B,r,16
de,tu,16
cod,set,16
cog,sew,16
foo,vee,16
neo,due,16
new,dum,16
Joon,zeed,16
Ben,rud,16
Bel,rub,16
dew,tum,16
deb,tur,16
lo,be,16
li,by,16
ly,bo,16
byon,roed,16
Red,hut,16
ted,jut,16
No,de,16
few,vum,16
cry,sho,16
loo,bee,16
lob,ber,16
lod,bet,16
lox,ben,16
dry,tho,16
gyn,wod,16
poe,feu,16
Mono,cede,16
f,v,16
rohob,hexer,16
rox,hen,16
ross,heii,16
X,n,16
woon,meed,16
m,c,16
Q,g,16
Y,o,16
J,z,16
Crex,shun,16
C,s,16
zed,put,16
repp,huff,16
zel,pub,16
Gi,wy,16
myxo,cone,16
Lew,bum,16
zoo,pee,16
Ok,ea,16
reve,hulu,16
drow,them,16
loke,beau,16
E,u,16
poon,feed,16
I,y,16
Mrs,chi,16
mel,cub,16
mew,cum,16
u,k,16
els,ubi,16
n,d,16
Novo,dele,16
gio,wye,16
g,w,16
job,zer,16
vog,lew,16
io,ye,16
go,we,16
R,h,16
ben,rud,16
bel,rub,16
bed,rut,16
K,a,16
ko,ae,16
rel,hub,16
red,hut,16
dodo,tete,16
D,t,16
oh,ex,16
ox,en,16
ow,em,16
or,eh,16
Ofo,eve,16
ped,fut,16
Ross,heii,16
Gene,wudu,16
wo,me,16
wi,my,16
wy,mo,16
iyo,yoe,16
bony,redo,16
Don,ted,16
gene,wudu,16
zoon,peed,16
coon,seed,16
dom,tec,16
o,e,16
noon,deed,16
oe,eu,16
h,x,16
yed,out,16
a,q,16
Zen,pud,16
Z,p,16
S,i,16
Vod,let,16
L,b,16
owe,emu,16
boon,reed,16
bood,reet,16
voe,leu,16
Ro,he,16
so,ie,16
ure,khu,16
tore,jehu,16
kob,aer,16
Ker,auh,16
Bon,red,16
wry,mho,16
Rob,her,16
yus,oki,16
fod,vet,16
w,m,16
bo,re,16
beno,rude,16
benn,rudd,16
V,l,16
i,y,16
Rod,het,16
grog,whew,16
P,f,16
we,mu,16
no,de,16
T,j,16
wod,met,16
wog,mew,16
M,c,16
eve,ulu,16
F,v,16
mono,cede,16
yo,oe,16
yn,od,16
ion,yed,16
p,f,16
Job,zer,16
don,ted,16
dog,tew,16
velo,lube,16
ton,jed,16
tod,jet,16
Eve,ulu,16
did,tyt,16
yr,oh,16
t,j,16
kobi,aery,16
gobo,were,16
x,n,16
q,g,16
moo,cee,16
good,weet,16
goon,weed,16
Ed,ut,16
ewe,umu,16
do,te,16
cox,sen,16
cob,ser,16
coo,see,16
j,z,16
Vic,lys,16
Ko,ae,16
Cixo,syne,16
Io,ye,16
c,s,16
sky,iao,16
jerm,avid,17
Cary,trip,17
Manny,dreep,17
fra,wir,17
bra,sir,17
rung,ilex,17
Jat,ark,17
Jan,are,17
crena,tiver,17
Fram,wird,17
Annona,reefer,17
cant,trek,17
G,x,17
try,kip,17
arna,rier,17
Od,fu,17
an,re,17
knap,berg,17
v,m,17
dung,ulex,17
rut,ilk,17
U,l,17
y,p,17
croc,tift,17
manny,dreep,17
derm,uvid,17
r,i,17
jut,alk,17
b,s,17
k,b,17
d,u,17
car,tri,17
carp,trig,17
N,e,17
Kaj,bra,17
ory,fip,17
orc,fit,17
ora,fir,17
dao,urf,17
O,f,17
H,y,17
prau,girl,17
pram,gird,17
A,r,17
pro,gif,17
oda,fur,17
Lanny,creep,17
oxan,fore,17
dun,ule,17
bar,sri,17
mark,drib,17
mary,drip,17
Jun,ale,17
z,q,17
Adad,ruru,17
s,j,17
jaw,arn,17
jag,arx,17
l,c,17
krona,bifer,17
oxy,fop,17
arena,river,17
Odin,fuze,17
e,v,17
snark,jerib,17
Nhan,eyre,17
W,n,17
B,s,17
da,ur,17
ha,yr,17
urna,lier,17
arx,rio,17
arc,rit,17
ann,ree,17
any,rep,17
adad,ruru,17
brin,size,17
cry,tip,17
bunny,sleep,17
Mark,drib,17
Mary,drip,17
khan,byre,17
Yahuna,pryler,17
damn,urde,17
enarch,verity,17
Ann,ree,17
Mr,di,17
ran,ire,17
rat,irk,17
cran,tire,17
f,w,17
buda,slur,17
X,o,17
m,d,17
Q,h,17
Y,p,17
annona,reefer,17
J,a,17
Ju,al,17
C,t,17
Nan,ere,17
gnarl,xeric,17
brut,silk,17
Mah,dry,17
E,v,17
I,z,17
u,l,17
n,e,17
g,x,17
puja,glar,17
bury,slip,17
R,i,17
K,b,17
enam,verd,17
reh,ivy,17
D,u,17
on,fe,17
od,fu,17
or,fi,17
uran,lire,17
bran,sire,17
yah,pry,17
blah,scry,17
lark,crib,17
o,f,17
h,y,17
Urena,liver,17
a,r,17
nab,ers,17
naa,err,17
nan,ere,17
nam,erd,17
nap,erg,17
Z,q,17
S,j,17
Dan,ure,17
Kroo,biff,17
L,c,17
Ro,if,17
urn,lie,17
Uran,lire,17
yuh,ply,17
wry,nip,17
Mann,dree,17
ur,li,17
w,n,17
V,m,17
i,z,17
Ron,ife,17
P,g,17
nut,elk,17
nub,els,17
na,er,17
nu,el,17
pry,gip,17
arm,rid,17
dud,ulu,17
T,k,17
M,d,17
dan,ure,17
lunn,clee,17
inn,zee,17
F,w,17
kunk,bleb,17
p,g,17
puxy,glop,17
yr,pi,17
Juno,alef,17
snath,jerky,17
t,k,17
byre,spiv,17
lija,czar,17
lax,cro,17
x,o,17
q,h,17
dam,urd,17
daw,urn,17
j,a,17
Ran,ire,17
ary,rip,17
ark,rib,17
arn,rie,17
c,t,17
taj,kra,17
Ma,es,18
jig,bay,18
jib,bat,18
emu,wem,18
Ewe,wow,18
Owen,gowf,18
big,tay,18
G,y,18
Bim,tae,18
Abie,staw,18
mum,eme,18
Ima,aes,18
jinn,baff,18
hi,za,18
ammu,seem,18
twin,loaf,18
ai,sa,18
am,se,18
aw,so,18
v,n,18
em,we,18
U,m,18
ism,ake,18
is,ak,18
it,al,18
y,q,18
ma,es,18
mi,ea,18
mu,em,18
r,j,18
b,t,18
k,c,18
sig,kay,18
d,v,18
um,me,18
ug,my,18
cap,ush,18
cam,use,18
wis,oak,18
wiz,oar,18
N,f,18
O,g,18
weam,owse,18
H,z,18
sib,kat,18
Axis,spak,18
A,s,18
pita,hals,18
siva,kans,18
two,log,18
lie,daw,18
lim,dae,18
lit,dal,18
lip,dah,18
pi,ha,18
ycie,quaw,18
ambit,setal,18
z,r,18
Rio,jag,18
s,k,18
wem,owe,18
wet,owl,18
l,d,18
ami,sea,18
ame,sew,18
Ti,la,18
e,w,18
cum,ume,18
ti,la,18
atwo,slog,18
W,o,18
clit,udal,18
Ami,sea,18
umu,mem,18
axil,spad,18
axis,spak,18
linn,daff,18
B,t,18
cop,ugh,18
Emm,wee,18
li,da,18
moil,egad,18
swa,kos,18
Siva,kans,18
biti,tala,18
bitt,tall,18
xi,pa,18
pig,hay,18
lis,dak,18
pilm,hade,18
Lwo,dog,18
Kit,cal,18
f,x,18
mib,eat,18
Twi,loa,18
X,p,18
its,alk,18
m,e,18
Q,i,18
nil,fad,18
nim,fae,18
nib,fat,18
Y,q,18
ie,aw,18
J,b,18
his,zak,18
Sium,kame,18
C,u,18
bid,tav,18
bib,tat,18
biz,tar,18
bit,tal,18
sisi,kaka,18
gizz,yarr,18
Gi,ya,18
rix,jap,18
rio,jag,18
rig,jay,18
rie,jaw,18
spiv,khan,18
cab,ust,18
E,w,18
Apium,shame,18
I,a,18
mem,ewe,18
Wa,os,18
Wu,om,18
u,m,18
Bixa,taps,18
mowt,egol,18
n,f,18
gie,yaw,18
g,y,18
bizz,tarr,18
ach,suz,18
Jim,bae,18
ca,us,18
if,ax,18
bias,task,18
R,j,18
K,c,18
omit,geal,18
D,v,18
om,ge,18
ow,go,18
owl,god,18
si,ka,18
air,saj,18
ail,sad,18
asci,skua,18
kit,cal,18
kil,cad,18
ume,mew,18
oil,gad,18
vie,naw,18
Aix,sap,18
o,g,18
zig,ray,18
h,z,18
ill,add,18
a,s,18
awl,sod,18
awe,sow,18
awd,sov,18
Z,r,18
dib,vat,18
div,van,18
S,k,18
pic,hau,18
pie,haw,18
pix,hap,18
pip,hah,18
nig,fay,18
Wes,owk,18
och,guz,18
til,lad,18
tie,law,18
tig,lay,18
tib,lat,18
L,d,18
Ji,ba,18
vim,nae,18
Win,oaf,18
swim,koae,18
Pict,haul,18
Ab,st,18
epic,whau,18
Nizam,farse,18
w,o,18
V,n,18
i,a,18
P,h,18
we,ow,18
ait,sal,18
ni,fa,18
Ati,sla,18
T,l,18
Gigi,yaya,18
M,e,18
emit,weal,18
F,x,18
nizam,farse,18
p,h,18
Acts,sulk,18
sidi,kava,18
maki,esca,18
win,oaf,18
pict,haul,18
gip,yah,18
gib,yat,18
apism,shake,18
t,l,18
vis,nak,18
zip,rah,18
x,p,18
Gib,yat,18
Gil,yad,18
Liv,dan,18
Liz,dar,18
q,i,18
mow,ego,18
moo,egg,18
apio,shag,18
Bab,tst,18
Em,we,18
ewe,wow,18
j,b,18
Bitis,talak,18
c,u,18
wa,os,18
fu,yn,19
glib,zebu,19
G,z,19
lepa,exit,19
rob,khu,19
wha,pat,19
up,ni,19
ah,ta,19
al,te,19
v,o,19
she,lax,19
shy,lar,19
sha,lat,19
U,n,19
Ally,teer,19
uval,note,19
y,r,19
r,k,19
b,u,19
iba,but,19
k,d,19
d,w,19
wold,phew,19
N,g,19
spa,lit,19
O,h,19
H,a,19
pop,ihi,19
aln,teg,19
all,tee,19
Hwa,apt,19
whaly,pater,19
A,t,19
spur,link,19
rull,knee,19
uvula,nonet,19
pyr,irk,19
pu,in,19
bah,uta,19
ull,nee,19
Hy,ar,19
Hu,an,19
Ho,ah,19
z,s,19
Lo,eh,19
Lu,en,19
s,l,19
l,e,19
Chun,vang,19
e,x,19
Ova,hot,19
W,p,19
Alea,text,19
whop,pahi,19
B,u,19
aval,tote,19
wob,phu,19
ula,net,19
ho,ah,19
ha,at,19
opt,him,19
rupa,knit,19
doll,whee,19
dola,whet,19
lo,eh,19
ly,er,19
hath,atma,19
ulla,neet,19
who,pah,19
why,par,19
pa,it,19
Huk,and,19
joll,chee,19
th,ma,19
paly,iter,19
palt,item,19
zoll,shee,19
chun,vang,19
pile,ibex,19
vile,obex,19
f,y,19
Shu,lan,19
shivy,labor,19
shallu,lateen,19
shale,latex,19
shaly,later,19
X,q,19
spun,ling,19
m,f,19
Q,j,19
Y,r,19
J,c,19
glub,zenu,19
C,v,19
aba,tut,19
abu,tun,19
dopa,whit,19
he,ax,19
noll,ghee,19
Abe,tux,19
Abu,tun,19
E,x,19
I,b,19
jolly,cheer,19
ova,hot,19
u,n,19
n,g,19
aha,tat,19
ahu,tan,19
shi,lab,19
Hsi,alb,19
Hal,ate,19
g,z,19
khu,dan,19
oho,hah,19
if,by,19
pun,ing,19
shah,lata,19
Noll,ghee,19
Aht,tam,19
R,k,19
K,d,19
D,w,19
huh,ana,19
hup,ani,19
oh,ha,19
ave,tox,19
ava,tot,19
iva,bot,19
ivy,bor,19
obi,hub,19
ruby,knur,19
illy,beer,19
vealy,oxter,19
whulk,paned,19
holt,ahem,19
hob,ahu,19
ahoy,tahr,19
o,h,19
Vishal,oblate,19
Old,hew,19
Ole,hex,19
Vip,obi,19
shul,lane,19
h,a,19
Vu,on,19
ill,bee,19
ilk,bed,19
a,t,19
Bu,un,19
sla,let,19
Z,s,19
fly,yer,19
flu,yen,19
S,l,19
L,e,19
Ila,bet,19
shurf,lanky,19
ayllu,treen,19
hurly,anker,19
ubi,nub,19
kob,dhu,19
Ab,tu,19
hive,abox,19
cha,vat,19
alula,tenet,19
alk,ted,19
Rob,khu,19
apa,tit,19
dha,wat,19
dhu,wan,19
w,p,19
bu,un,19
by,ur,19
thy,mar,19
pur,ink,19
V,o,19
i,b,19
P,i,19
dolly,wheer,19
aby,tur,19
nub,gnu,19
uva,not,19
bumpily,unfiber,19
sh,la,19
Ave,tox,19
T,m,19
wop,phi,19
M,f,19
F,y,19
ropy,khir,19
zo,sh,19
za,st,19
p,i,19
whun,pang,19
Pop,ihi,19
old,hew,19
ba,ut,19
t,m,19
ally,teer,19
x,q,19
Ah,ta,19
Al,te,19
Ao,th,19
q,j,19
Bab,utu,19
j,c,19
tha,mat,19
aptly,timer,19
c,v,19
wage,quay,20
lusky,fomes,20
hah,bub,20
hay,bus,20
gnu,aho,20
Jat,dun,20
Jam,dug,20
fu,zo,20
yolk,sife,20
haff,buzz,20
narr,hull,20
ket,eyn,20
Ud,ox,20
murre,golly,20
Sutu,mono,20
root,liin,20
motte,ginny,20
Marmar,gulgul,20
boy,vis,20
G,a,20
wake,quey,20
mull,goff,20
yarr,sull,20
mux,gor,20
mug,goa,20
mum,gog,20
rot,lin,20
yor,sil,20
hurr,boll,20
ohoy,ibis,20
am,ug,20
as,um,20
at,un,20
ay,us,20
ax,ur,20
Poll,jiff,20
gara,aulu,20
Rum,log,20
lall,fuff,20
suing,mocha,20
Tod,nix,20
v,p,20
ex,yr,20
eu,yo,20
es,ym,20
ask,ume,20
rum,log,20
rug,loa,20
rud,lox,20
tu,no,20
U,o,20
tux,nor,20
y,s,20
hazer,butyl,20
mu,go,20
gos,aim,20
gor,ail,20
vall,puff,20
r,l,20
jut,don,20
b,v,20
k,e,20
varve,pulpy,20
Asa,umu,20
layout,fusion,20
hoy,bis,20
d,x,20
ut,on,20
us,om,20
un,oh,20
cat,wun,20
carr,wull,20
Gor,ail,20
Lot,fin,20
sark,mule,20
hush,bomb,20
moff,gizz,20
N,h,20
mae,guy,20
O,i,20
lama,fugu,20
H,b,20
pom,jig,20
poh,jib,20
rose,limy,20
rote,liny,20
Cat,wun,20
A,u,20
wag,qua,20
Sam,mug,20
voter,pinyl,20
susu,momo,20
yok,sie,20
yoy,sis,20
yox,sir,20
yot,sin,20
gyne,ashy,20
Xosa,rimu,20
bote,viny,20
bog,via,20
pu,jo,20
bas,vum,20
bam,vug,20
ull,off,20
yigh,scab,20
marl,gulf,20
mark,gule,20
Pam,jug,20
rad,lux,20
ram,lug,20
ras,lum,20
Hu,bo,20
z,t,20
Max,gur,20
Lo,fi,20
zag,tua,20
zad,tux,20
zat,tun,20
s,m,20
mute,gony,20
your,siol,20
jam,dug,20
posse,jimmy,20
l,f,20
nog,hia,20
noy,his,20
not,hin,20
e,y,20
nak,hue,20
Mes,gym,20
purre,jolly,20
cut,won,20
cue,woy,20
cum,wog,20
Susu,momo,20
rasse,lummy,20
W,q,20
aho,ubi,20
potto,jinni,20
Sue,moy,20
Suu,moo,20
vare,puly,20
vara,pulu,20
Jos,dim,20
huzz,bott,20
B,v,20
cos,wim,20
cot,win,20
coy,wis,20
yak,sue,20
Hume,bogy,20
ha,bu,20
purr,joll,20
Jude,doxy,20
Yun,soh,20
la,fu,20
lo,fi,20
join,dich,20
core,wily,20
tusk,nome,20
No,hi,20
gink,ache,20
masse,gummy,20
to,ni,20
ta,nu,20
cork,wile,20
zoll,tiff,20
Mark,gule,20
lod,fix,20
lot,fin,20
lox,fir,20
vote,piny,20
gyn,ash,20
roka,lieu,20
Bart,vuln,20
f,z,20
nest,hymn,20
ingot,chain,20
X,r,20
saj,mud,20
sam,mug,20
sad,mux,20
sat,mun,20
mall,guff,20
m,g,20
zak,tue,20
Q,k,20
zax,tur,20
Sarsar,mulmul,20
Y,s,20
J,d,20
Ju,do,20
sain,much,20
C,w,20
Nan,huh,20
pam,jug,20
azine,utchy,20
lurk,fole,20
Ge,ay,20
sung,moha,20
zink,tche,20
Root,liin,20
ire,cly,20
he,by,20
ham,bug,20
hat,bun,20
yaya,susu,20
Ok,ie,20
E,y,20
I,c,20
met,gyn,20
rue,loy,20
Urs,olm,20
u,o,20
curl,wolf,20
n,h,20
kink,eche,20
gin,ach,20
sue,moy,20
sum,mog,20
suz,mot,20
g,a,20
jot,din,20
joy,dis,20
job,div,20
vog,pia,20
hayz,bust,20
gout,aion,20
horme,bilgy,20
ce,wy,20
colk,wife,20
Sung,moha,20
ge,ay,20
go,ai,20
R,l,20
Luc,fow,20
Lum,fog,20
sull,moff,20
K,e,20
ka,eu,20
vade,puxy,20
D,x,20
hue,boy,20
hug,boa,20
hum,bog,20
huh,bob,20
hut,bon,20
poll,jiff,20
pomme,jiggy,20
juju,dodo,20
rout,lion,20
sod,mix,20
soh,mib,20
sot,min,20
se,my,20
arara,ululu,20
Rosa,limu,20
obe,ivy,20
grume,alogy,20
Sgad,maux,20
zolle,tiffy,20
tut,non,20
bur,vol,20
bum,vog,20
yat,sun,20
yas,sum,20
yah,sub,20
puke,joey,20
ruin,loch,20
gas,aum,20
gan,auh,20
satin,munch,20
Tor,nil,20
Tom,nig,20
vag,pua,20
vat,pun,20
lory,fils,20
lors,film,20
holl,biff,20
hot,bin,20
o,i,20
Lotte,finny,20
tarr,null,20
h,b,20
cush,womb,20
Vu,po,20
Laz,fut,20
york,sile,20
a,u,20
nan,huh,20
nam,hug,20
Vote,piny,20
Z,t,20
tosh,nimb,20
lat,fun,20
Mev,gyp,20
S,m,20
Vod,pix,20
gwag,aqua,20
L,f,20
Jo,di,20
Tat,nun,20
lask,fume,20
borg,vila,20
Ro,li,20
so,mi,20
sa,mu,20
folly,ziffs,20
bourg,viola,20
tash,numb,20
Bos,vim,20
qua,kou,20
quo,koi,20
yuh,sob,20
Manx,guhr,20
cote,winy,20
Rok,lie,20
turr,noll,20
sure,moly,20
vex,pyr,20
w,q,20
V,p,20
lux,for,20
lue,foy,20
lum,fog,20
i,c,20
Roy,lis,20
grot,alin,20
jo,di,20
tue,noy,20
tug,noa,20
P,j,20
hall,buff,20
tum,nog,20
no,hi,20
nu,ho,20
grr,all,20
T,n,20
re,ly,20
M,g,20
Sotik,mince,20
ink,che,20
ing,cha,20
yom,sig,20
yoi,sic,20
F,z,20
yo,si,20
yn,sh,20
zo,ti,20
za,tu,20
p,j,20
ean,yuh,20
Job,div,20
cuvy,wops,20
harr,bull,20
Mar,gul,20
Mat,gun,20
salle,muffy,20
tor,nil,20
tod,nix,20
Ino,chi,20
Ing,cha,20
fosh,zimb,20
matte,gunny,20
t,n,20
merk,gyle,20
lax,fur,20
las,fum,20
retin,lynch,20
x,r,20
As,um,20
Ay,us,20
mas,gum,20
mar,gul,20
mat,gun,20
pott,jinn,20
just,domn,20
q,k,20
mou,gio,20
mot,gin,20
out,ion,20
papa,juju,20
tat,nun,20
do,xi,20
Arara,ululu,20
cox,wir,20
coz,wit,20
j,d,20
Ram,lug,20
ara,ulu,20
ark,ule,20
c,w,20
tar,nul,20
fit,ado,21
fid,ady,21
fie,adz,21
G,b,21
uji,ped,21
funt,apio,21
v,q,21
U,p,21
it,do,21
in,di,21
y,t,21
r,m,21
b,w,21
k,f,21
d,y,21
ut,po,21
un,pi,21
N,i,21
O,j,21
H,c,21
A,v,21
yon,tji,21
sny,nit,21
z,u,21
s,n,21
l,g,21
Ti,od,21
e,z,21
ti,od,21
W,r,21
firn,admi,21
B,w,21
sned,nizy,21
fet,azo,21
f,a,21
pansy,kvint,21
X,s,21
knee,fizz,21
its,don,21
m,h,21
Q,l,21
Y,t,21
J,e,21
sty,not,21
C,x,21
fry,amt,21
E,z,21
I,d,21
u,p,21
n,i,21
g,b,21
Jim,edh,21
if,da,21
R,m,21
K,f,21
D,y,21
st,no,21
o,j,21
h,c,21
a,v,21
Z,u,21
S,n,21
fat,avo,21
L,g,21
w,r,21
fi,ad,21
V,q,21
i,d,21
P,k,21
ni,id,21
T,o,21
M,h,21
utu,pop,21
ing,dib,21
F,a,21
ym,th,21
yn,ti,21
p,k,21
Ing,dib,21
t,o,21
kneed,fizzy,21
x,s,21
q,l,21
j,e,21
c,x,21
fir,ben,22
fip,bel,22
jerk,fang,22
swipe,osela,22
aer,wan,22
fe,ba,22
Wea,saw,22
tyre,puna,22
ken,gaj,22
kef,gab,22
ked,gaz,22
kea,gaw,22
kex,gat,22
ket,gap,22
kep,gal,22
qere,mana,22
qeri,mane,22
G,c,22
ger,can,22
temp,pail,22
ferk,bang,22
Neri,jane,22
hi,de,22
typy,pulu,22
typo,pulk,22
ae,wa,22
ai,we,22
am,wi,22
as,wo,22
web,sax,22
typp,pull,22
Lea,haw,22
Leo,hak,22
Ler,han,22
Les,hao,22
Lex,hat,22
v,r,22
em,ai,22
el,ah,22
ex,at,22
er,an,22
epoch,alkyd,22
ast,wop,22
ask,wog,22
ash,wod,22
she,oda,22
Lehi,hade,22
wear,sawn,22
ass,woo,22
oyer,kuan,22
U,q,22
tele,paha,22
Net,jap,22
y,u,22
pet,lap,22
pew,las,22
per,lan,22
peg,lac,22
pea,law,22
Deb,zax,22
mi,ie,22
deg,zac,22
r,n,22
b,x,22
k,g,22
Asa,wow,22
het,dap,22
hew,das,22
hep,dal,22
her,dan,22
hei,dae,22
d,z,22
teg,pac,22
well,sahh,22
eria,anew,22
N,j,22
mae,iwa,22
O,k,22
vergi,rance,22
H,d,22
tyro,punk,22
tiger,pecan,22
ale,wha,22
hero,dank,22
A,w,22
wive,sera,22
lim,hei,22
lit,hep,22
pyx,lut,22
tye,pua,22
limey,heiau,22
wait,swep,22
get,cap,22
tete,papa,22
fei,bae,22
over,kran,22
neve,jara,22
hia,dew,22
hic,dey,22
z,v,22
ose,koa,22
s,o,22
wee,saa,22
wen,saj,22
wem,sai,22
wer,san,22
wet,sap,22
l,h,22
e,a,22
Mes,iao,22
oer,kan,22
Teri,pane,22
te,pa,22
W,s,22
Oryx,knut,22
vet,rap,22
yerk,uang,22
firm,beni,22
firn,benj,22
firk,beng,22
fire,bena,22
tyt,pup,22
lea,haw,22
lek,hag,22
let,hap,22
zer,van,22
B,x,22
de,za,22
dip,zel,22
nef,jab,22
nea,jaw,22
net,jap,22
fels,baho,22
neti,jape,22
dev,zar,22
deb,zax,22
Pyxis,luteo,22
li,he,22
Rex,nat,22
Ree,naa,22
tea,paw,22
tec,pay,22
sap,owl,22
fee,baa,22
few,bas,22
fet,bap,22
wyve,sura,22
xi,te,22
pik,leg,22
Mr,in,22
cero,yank,22
f,b,22
Sri,one,22
Erse,anoa,22
filet,behap,22
wig,sec,22
wir,sen,22
sex,oat,22
X,t,22
sai,owe,22
sah,owd,22
sao,owk,22
sar,own,22
Alex,what,22
m,i,22
Q,m,22
nix,jet,22
Y,u,22
ie,ea,22
J,f,22
gimp,ceil,22
some,okia,22
C,y,22
peri,lane,22
Terri,panne,22
pyxis,luteo,22
Ge,ca,22
Gi,ce,22
weki,sage,22
Hler,dhan,22
Pim,lei,22
Pia,lew,22
rix,net,22
rit,nep,22
rim,nei,22
rie,nea,22
ria,new,22
he,da,22
Os,ko,22
err,ann,22
ere,ana,22
E,a,22
I,e,22
u,q,22
stir,open,22
Piet,leap,22
tewer,pasan,22
els,aho,22
n,j,22
shi,ode,22
Hsi,doe,22
hevi,dare,22
glee,chaa,22
g,c,22
Jim,fei,22
ce,ya,22
kept,galp,22
kepi,gale,22
veri,rane,22
finer,bejan,22
ge,ca,22
R,n,22
eh,ad,22
ea,aw,22
weri,sane,22
liar,hewn,22
K,g,22
rex,nat,22
rev,nar,22
ret,nap,22
ree,naa,22
D,z,22
hear,dawn,22
spire,olena,22
os,ko,22
Zips,velo,22
pyre,luna,22
ley,hau,22
soe,oka,22
si,oe,22
move,ikra,22
ref,nab,22
wi,se,22
air,wen,22
step,opal,22
kip,gel,22
kiri,gene,22
glia,chew,22
tit,pep,22
vie,rea,22
Aix,wet,22
o,k,22
Vip,rel,22
oe,ka,22
tier,pean,22
h,d,22
a,w,22
Z,v,22
div,zer,22
jimp,feil,22
S,o,22
pic,ley,22
pie,lea,22
pix,let,22
pia,lew,22
Wes,sao,22
tie,pea,22
sri,one,22
L,h,22
Ji,fe,22
cipo,yelk,22
rea,naw,22
aver,wran,22
tst,pop,22
piet,leap,22
pier,lean,22
pst,lop,22
Hehe,dada,22
sa,ow,22
fix,bet,22
wept,salp,22
Ker,gan,22
gerip,canel,22
fear,bawn,22
Alix,whet,22
tear,pawn,22
vex,rat,22
w,s,22
eke,aga,22
fi,be,22
V,r,22
Cete,yapa,22
ship,odel,22
i,e,22
P,l,22
we,sa,22
Per,lan,22
Peg,lac,22
sh,od,22
T,p,22
re,na,22
M,i,22
cit,yep,22
eve,ara,22
yoi,uke,22
wae,swa,22
F,b,22
pear,lawn,22
teap,pawl,22
p,l,22
ear,awn,22
kier,gean,22
git,cep,22
Cid,yez,22
Eve,ara,22
yr,un,22
flex,bhat,22
levo,hark,22
neter,japan,22
t,p,22
x,t,22
As,wo,22
Liv,her,22
Levi,hare,22
q,m,22
waer,swan,22
Em,ai,22
stive,opera,22
j,f,22
key,gau,22
Ken,gaj,22
c,y,22
fra,cox,23
bra,yox,23
eddo,baal,23
Ud,ra,23
rood,olla,23
G,d,23
Ira,fox,23
dado,axal,23
Od,la,23
pruh,more,23
al,xi,23
glug,dird,23
show,pelt,23
v,s,23
ex,bu,23
er,bo,23
forb,cloy,23
rub,ory,23
rud,ora,23
U,r,23
id,fa,23
y,v,23
Deb,aby,23
r,o,23
jud,gra,23
b,y,23
k,h,23
hog,eld,23
hoe,elb,23
how,elt,23
hop,elm,23
d,a,23
N,k,23
ore,lob,23
orb,loy,23
ora,lox,23
O,l,23
ralph,oxime,23
plug,mird,23
H,e,23
prad,moxa,23
edh,bae,23
A,x,23
slop,pilm,23
slob,pily,23
sloo,pill,23
oda,lax,23
phoh,mele,23
phoo,mell,23
shed,peba,23
dun,ark,23
ule,rib,23
Edo,bal,23
Hu,er,23
Ho,el,23
Uds,rap,23
blow,yilt,23
whoo,tell,23
z,w,23
s,p,23
grub,dory,23
doob,ally,23
l,i,23
e,b,23
W,t,23
surd,proa,23
rog,old,23
whud,tera,23
Kha,hex,23
led,iba,23
B,y,23
da,ax,23
elder,biabo,23
ula,rix,23
ho,el,23
ha,ex,23
Jude,grab,23
doli,alif,23
deb,aby,23
dee,abb,23
li,if,23
sorb,ploy,23
loo,ill,23
ode,lab,23
Kra,hox,23
grab,doxy,23
grad,doxa,23
Mr,jo,23
rab,oxy,23
f,c,23
Shu,per,23
X,u,23
jhow,gelt,23
Hon,elk,23
m,j,23
dow,alt,23
Q,n,23
Y,v,23
J,g,23
C,z,23
glor,dilo,23
ire,fob,23
fro,col,23
err,boo,23
ers,bop,23
erd,boa,23
ere,bob,23
erg,bod,23
E,b,23
I,f,23
rue,orb,23
u,r,23
gude,drab,23
n,k,23
sub,pry,23
sur,pro,23
wud,tra,23
frog,cold,23
frow,colt,23
g,d,23
khu,her,23
wrox,tolu,23
R,o,23
eh,be,23
plow,milt,23
K,h,23
reh,obe,23
rel,obi,23
Fur,cro,23
D,a,23
hug,erd,23
huh,ere,23
whup,term,23
od,la,23
or,lo,23
sob,ply,23
odor,lalo,23
kra,hox,23
Don,alk,23
Dob,aly,23
Dor,alo,23
ura,rox,23
hoi,elf,23
hud,era,23
o,l,23
shun,perk,23
shul,peri,23
h,e,23
a,x,23
Bu,yr,23
sla,pix,23
Z,w,23
iron,folk,23
Grus,dorp,23
S,p,23
Vod,sla,23
Kroo,holl,23
L,i,23
Exon,bulk,23
Ila,fix,23
plod,mila,23
Ralph,oxime,23
ure,rob,23
Urdu,roar,23
cho,zel,23
blup,yirm,23
gule,drib,23
Elon,bilk,23
sulphur,primero,23
dhu,aer,23
sure,prob,23
fob,cly,23
w,t,23
bu,yr,23
pho,mel,23
V,s,23
i,f,23
grow,dolt,23
P,m,23
fur,cro,23
fub,cry,23
frab,coxy,23
Elihu,bifer,23
dub,ary,23
dud,ara,23
dux,aru,23
dup,arm,23
T,q,23
ra,ox,23
exon,bulk,23
M,j,23
olpe,limb,23
F,c,23
slab,pixy,23
p,m,23
don,alk,23
dob,aly,23
dod,ala,23
doe,alb,23
dor,alo,23
dos,alp,23
t,q,23
Odz,law,23
Ods,lap,23
Sorb,ploy,23
x,u,23
Al,xi,23
shoo,pell,23
q,n,23
Ed,ba,23
do,al,23
dah,axe,23
j,g,23
wro,tol,23
Rab,oxy,23
c,z,23
urf,roc,23
prow,molt,23
prog,mold,23
prod,mola,23
prob,moly,23
gnu,els,24
wow,umu,24
keg,ice,24
kea,icy,24
G,e,24
coke,amic,24
Og,me,24
at,yr,24
v,t,24
U,s,24
y,w,24
cwm,auk,24
unca,slay,24
unco,slam,24
unci,slag,24
r,p,24
b,z,24
k,i,24
uke,sic,24
d,b,24
ug,se,24
caw,ayu,24
kung,isle,24
N,l,24
man,kyl,24
dag,bye,24
O,m,24
urge,spec,24
H,f,24
A,y,24
agy,yew,24
two,rum,24
z,x,24
s,q,24
jar,hyp,24
l,j,24
e,c,24
cur,asp,24
cum,ask,24
W,u,24
vara,typy,24
pick,ngai,24
B,z,24
da,by,24
cog,ame,24
iwa,guy,24
rake,pyic,24
Coan,amyl,24
cyp,awn,24
rat,pyr,24
f,d,24
Twi,rug,24
iao,gym,24
X,v,24
m,k,24
Q,o,24
Y,w,24
J,h,24
kora,impy,24
C,a,24
Ga,ey,24
rattan,pyrryl,24
acor,yamp,24
Ok,mi,24
E,c,24
I,g,24
Wu,us,24
u,s,24
n,l,24
g,e,24
act,yar,24
ca,ay,24
ga,ey,24
go,em,24
R,p,24
K,i,24
D,b,24
icy,gaw,24
ow,mu,24
mang,kyle,24
Kora,impy,24
wo,um,24
wi,ug,24
yap,wyn,24
gog,eme,24
gap,eyn,24
gag,eye,24
wugg,usee,24
yang,wyle,24
goaf,emyd,24
ura,spy,24
vag,tye,24
o,m,24
h,f,24
eta,cry,24
a,y,24
nag,lye,24
Z,x,24
Vai,tyg,24
S,q,24
fag,dye,24
L,j,24
conk,amli,24
egg,cee,24
engem,cleck,24
kor,imp,24
w,u,24
aku,yis,24
V,t,24
i,g,24
P,n,24
yapp,wynn,24
na,ly,24
uva,sty,24
cag,aye,24
T,r,24
wog,ume,24
Uca,say,24
M,k,24
cig,age,24
F,d,24
ya,wy,24
p,n,24
ear,cyp,24
oki,mig,24
t,r,24
x,v,24
Ao,ym,24
q,o,24
j,h,24
Una,sly,24
c,a,24
tag,rye,24
off,nee,25
boo,ann,25
bob,ana,25
G,f,25
tiff,shee,25
up,to,25
pob,ona,25
v,u,25
tu,st,25
U,t,25
dimps,chlor,25
y,x,25
pee,odd,25
sip,rho,25
r,q,25
jut,its,25
b,a,25
k,j,25
tipe,shod,25
d,c,25
N,m,25
spy,rox,25
O,n,25
H,g,25
pot,ons,25
A,z,25
Nip,mho,25
pi,oh,25
po,on,25
bap,azo,25
fei,edh,25
z,y,25
s,r,25
Po,on,25
l,k,25
bijou,ahint,25
eboe,dand,25
Ti,sh,25
e,d,25
bobo,anan,25
ti,sh,25
W,v,25
Ijo,hin,25
B,a,25
dip,cho,25
ope,nod,25
Jef,ide,25
Bea,adz,25
Bee,add,25
Eboe,dand,25
f,e,25
epee,dodd,25
tip,sho,25
Udi,tch,25
X,w,25
m,l,25
Q,p,25
nip,mho,25
Y,x,25
J,i,25
Ju,it,25
C,b,25
abu,zat,25
bib,aha,25
Abe,zad,25
Abu,zat,25
toph,snog,25
E,d,25
I,h,25
u,t,25
n,m,25
Ibo,han,25
g,f,25
if,he,25
Spy,rox,25
R,q,25
bee,add,25
upo,ton,25
K,j,25
D,c,25
of,ne,25
toff,snee,25
o,n,25
h,g,25
Vu,ut,25
a,z,25
Bu,at,25
Z,y,25
dib,cha,25
Fo,en,25
S,r,25
pin,ohm,25
pip,oho,25
tib,sha,25
L,k,25
Jo,in,25
boob,anna,25
benjy,admix,25
Ab,za,25
Bob,ana,25
tope,snod,25
foe,end,25
w,v,25
be,ad,25
bo,an,25
bu,at,25
by,ax,25
benj,admi,25
fi,eh,25
V,u,25
i,h,25
jo,in,25
P,o,25
fub,eta,25
aby,zax,25
T,s,25
M,l,25
utu,tst,25
eve,dud,25
fot,ens,25
F,e,25
jolt,inks,25
zo,yn,25
p,o,25
dibs,char,25
Eve,dud,25
topsl,snork,25
t,s,25
Benjy,admix,25
x,w,25
Liv,khu,25
q,p,25
j,i,25
c,b,25
